country_code,country_name,year,T_4000,T_4100,T_4200,T_4300,T_4500,T_4600,_T,T_4310,T_4320,total_tax_pct_gdp,property_tax_pct_gdp,inheritance_gifts_pct_gdp,inheritance_pct_gdp,gifts_pct_gdp,share_4300_total_tax_pct,share_4000_total_tax_pct,share_4300_in_property_pct,share_4200_in_property_pct,gift_share_within_4300,inherit_share_within_4300
AUS,Australia,1990,2.511,1.48,0,0,0,0,28.051,,,28.051,2.511,0,,,0,8.951552529321594,0,0,,
AUS,Australia,1991,2.602,1.543,0,0,0,0,26.615,,,26.615,2.602,0,,,0,9.776441856096186,0,0,,
AUS,Australia,1992,2.61,1.506,0,0,0,0,26.085,,,26.085,2.61,0,,,0,10.005750431282346,0,0,,
AUS,Australia,1993,2.729,1.439,0,0,0,0,26.555,,,26.555,2.729,0,,,0,10.27678403313877,0,0,,
AUS,Australia,1994,2.548,1.36,0,0,0,0,27.436,,,27.436,2.548,0,,,0,9.287068085726782,0,0,,
AUS,Australia,1995,2.482,1.318,0,0,0,0,28.211,,,28.211,2.482,0,,,0,8.797986600971255,0,0,,
AUS,Australia,1996,2.593,1.326,0,0,0,0,28.852,,,28.852,2.593,0,,,0,8.987245251629004,0,0,,
AUS,Australia,1997,2.631,1.313,0,0,0,0,28.61,,,28.61,2.631,0,,,0,9.19608528486543,0,0,,
AUS,Australia,1998,2.642,1.292,0,0,0,0,29.353,,,29.353,2.642,0,,,0,9.000783565563996,0,0,,
AUS,Australia,1999,2.738,1.275,0,0,0,0,29.78,,,29.78,2.738,0,,,0,9.194089993284082,0,0,,
AUS,Australia,2000,2.661,1.282,0,0,0,0,30.358,,,30.358,2.661,0,,,0,8.765399565188748,0,0,,
AUS,Australia,2001,2.539,1.259,0,0,0,0,28.843,,,28.843,2.539,0,,,0,8.802829109315953,0,0,,
AUS,Australia,2002,2.667,1.296,0,0,0,0,29.72,,,29.72,2.667,0,,,0,8.973755047106327,0,0,,
AUS,Australia,2003,2.823,1.329,0,0,0,0,29.816,,,29.816,2.823,0,,,0,9.468070834451302,0,0,,
AUS,Australia,2004,2.622,1.364,0,0,0,0,30.118,,,30.118,2.622,0,,,0,8.705757354406003,0,0,,
AUS,Australia,2005,2.569,1.329,0,0,0,0,29.815,,,29.815,2.569,0,,,0,8.61646822069428,0,0,,
AUS,Australia,2006,2.69,1.36,0,0,0,0,29.265,,,29.265,2.69,0,,,0,9.191867418417905,0,0,,
AUS,Australia,2007,2.639,1.324,0,0,0,0,29.397,,,29.397,2.639,0,,,0,8.977106507466747,0,0,,
AUS,Australia,2008,2.212,1.401,0,0,0,0,26.723,,,26.723,2.212,0,,,0,8.277513752198482,0,0,,
AUS,Australia,2009,2.445,1.432,0,0,0,0,25.395,,,25.395,2.445,0,,,0,9.627879503839338,0,0,,
AUS,Australia,2010,2.361,1.403,0,0,0,0,25.147,,,25.147,2.361,0,,,0,9.388793891915538,0,0,,
AUS,Australia,2011,2.238,1.383,0,0,0,0,25.774,,,25.774,2.238,0,,,0,8.683169085124543,0,0,,
AUS,Australia,2012,2.342,1.418,0,0,0,0,26.803,,,26.803,2.342,0,,,0,8.737827855090847,0,0,,
AUS,Australia,2013,2.559,1.475,0,0,0,0,26.955,,,26.955,2.559,0,,,0,9.493600445186424,0,0,,
AUS,Australia,2014,2.786,1.543,0,0,0,0,27.15,,,27.15,2.786,0,,,0,10.261510128913445,0,0,,
AUS,Australia,2015,2.964,1.606,0,0,0,0,27.773,,,27.773,2.964,0,,,0,10.672235624527419,0,0,,
AUS,Australia,2016,2.959,1.634,0,0,0,0,27.511,,,27.511,2.959,0,,,0,10.755697720911636,0,0,,
AUS,Australia,2017,2.87,1.643,0,0,0,0,28.517,,,28.517,2.87,0,,,0,10.064172248132694,0,0,,
AUS,Australia,2018,2.724,1.677,0,0,0,0,28.571,,,28.571,2.724,0,,,0,9.534143012145183,0,0,,
AUS,Australia,2019,2.72,1.703,0,0,0,0,27.657,,,27.657,2.72,0,,,0,9.83476154318979,0,0,,
AUS,Australia,2020,2.849,1.65,0,0,0,0,28.251,,,28.251,2.849,0,,,0,10.084598775264594,0,0,,
AUS,Australia,2021,3.178,1.565,0,0,0,0,29.155,,,29.155,3.178,0,,,0,10.900360144057622,0,0,,
AUS,Australia,2022,2.728,1.569,0,0,0,0,29.398,,,29.398,2.728,0,,,0,9.279542826042588,0,0,,
AUT,Austria,1990,1.071,0.258,0.467,0.056,0,0,39.288,,,39.288,1.071,0.056,,,0.1425371614742415,2.7260232131948685,5.228758169934641,43.60410830999067,,
AUT,Austria,1991,1.089,0.242,0.493,0.061,0,0,39.748,,,39.748,1.089,0.061,,,0.15346684109892322,2.7397604910938917,5.601469237832874,45.27089072543618,,
AUT,Austria,1992,1.118,0.264,0.491,0.075,0,0,41.282,,,41.282,1.118,0.075,,,0.18167724431955817,2.7082021219902144,6.708407871198569,43.91771019677996,,
AUT,Austria,1993,1.083,0.266,0.466,0.06,0,0,41.688,,,41.688,1.083,0.06,,,0.14392630972941853,2.5978698906160043,5.540166204986149,43.0286241920591,,
AUT,Austria,1994,0.654,0.263,0.045,0.055,0,0,41.701,,,41.701,0.654,0.055,,,0.13189132155104194,1.5683077144432986,8.409785932721713,6.880733944954128,,
AUT,Austria,1995,0.612,0.259,0.033,0.046,0,0,41.271,,,41.271,0.612,0.046,,,0.11145840905236121,1.4828814421748926,7.516339869281046,5.392156862745098,,
AUT,Austria,1996,0.607,0.259,0.023,0.049,0,0,42.641,,,42.641,0.607,0.049,,,0.11491287727773739,1.4235125817874816,8.0724876441515665,3.789126853377265,,
AUT,Austria,1997,0.576,0.256,0.012,0.048,0,0,43.44,,,43.44,0.576,0.048,,,0.11049723756906078,1.3259668508287292,8.333333333333334,2.0833333333333335,,
AUT,Austria,1998,0.572,0.253,0.003,0.053,0,0,43.447,,,43.447,0.572,0.053,,,0.12198770916288809,1.316546597003245,9.265734265734265,0.5244755244755245,,
AUT,Austria,1999,0.573,0.253,0.003,0.059,0,0,43.09,,,43.09,0.573,0.059,,,0.13692271988860524,1.3297748897656068,10.296684118673648,0.5235602094240838,,
AUT,Austria,2000,0.565,0.246,0.001,0.052,0,0,42.285,,,42.285,0.565,0.052,,,0.12297505025422727,1.336171219108431,9.20353982300885,0.1769911504424779,,
AUT,Austria,2001,0.57,0.247,0,0.075,0,0,43.886,,,43.886,0.57,0.075,,,0.17089732488720774,1.298819669142779,13.157894736842104,0,,
AUT,Austria,2002,0.532,0.245,0,0.065,0,0,42.697,,,42.697,0.532,0.065,,,0.15223552005995736,1.2459891795676512,12.218045112781954,0,,
AUT,Austria,2003,0.545,0.249,0,0.068,0,0,42.409,,,42.409,0.545,0.068,,,0.16034332335117546,1.2851045768586857,12.477064220183486,0,,
AUT,Austria,2004,0.54,0.243,0,0.064,0,0,41.958,,,41.958,0.54,0.064,,,0.1525334858668192,1.287001287001287,11.851851851851851,0,,
AUT,Austria,2005,0.541,0.239,0,0.055,0,0,41.012,,,41.012,0.541,0.055,,,0.13410709060762704,1.319126109431386,10.166358595194085,0,,
AUT,Austria,2006,0.564,0.229,0,0.049,0,0,40.408,,,40.408,0.564,0.049,,,0.12126311621461097,1.3957632152049098,8.687943262411348,0,,
AUT,Austria,2007,0.554,0.22,0,0.055,0,0,40.548,,,40.548,0.554,0.055,,,0.1356417085922857,1.3662819374568413,9.927797833935017,0,,
AUT,Austria,2008,0.522,0.222,0,0.046,0.002,0,41.391,,,41.391,0.522,0.046,,,0.11113527095262254,1.2611437268971517,8.812260536398467,0,,
AUT,Austria,2009,0.525,0.232,0,0.04,0.005,0,40.98,,,40.98,0.525,0.04,,,0.09760858955588093,1.2811127379209373,7.619047619047619,0,,
AUT,Austria,2010,0.525,0.23,0,0.012,0.003,0,40.958,,,40.958,0.525,0.012,,,0.029298305581327216,1.2818008691830658,2.2857142857142856,0,,
AUT,Austria,2011,0.508,0.224,0,0.011,0.006,0,41.119,,,41.119,0.508,0.011,,,0.026751623337143413,1.2354386050244412,2.1653543307086616,0,,
AUT,Austria,2012,0.554,0.222,0,0.007,0.003,0,41.767,,,41.767,0.554,0.007,,,0.016759642780185314,1.3264060143175236,1.263537906137184,0,,
AUT,Austria,2013,0.723,0.227,0,0.006,0.225,0,42.635,,,42.635,0.723,0.006,,,0.014072944763691805,1.6957898440248622,0.8298755186721992,0,,
AUT,Austria,2014,0.597,0.225,0,0.001,0.088,0,42.699,,,42.699,0.597,0.001,,,0.0023419752219021525,1.3981592074755849,0.16750418760469013,0,,
AUT,Austria,2015,0.571,0.221,0,0.003,0.022,0,43.126,,,43.126,0.571,0.003,,,0.0069563604322218624,1.3240272689328942,0.5253940455341507,0,,
AUT,Austria,2016,0.546,0.216,0,0.001,0.015,0,41.753,,,41.753,0.546,0.001,,,0.0023950374823365986,1.307690465355783,0.18315018315018314,0,,
AUT,Austria,2017,0.526,0.218,0,0,0.007,0,41.871,,,41.871,0.526,0,,,0,1.2562394019727257,0,0,,
AUT,Austria,2018,0.545,0.209,0,0.002,0.019,0,42.261,,,42.261,0.545,0.002,,,0.00473249568159769,1.2896050732353705,0.36697247706422015,0,,
AUT,Austria,2019,0.543,0.209,0,0,0.003,0,42.617,,,42.617,0.543,0,,,0,1.2741394279278224,0,0,,
AUT,Austria,2020,0.576,0.226,0,0,0.004,0,42.102,,,42.102,0.576,0,,,0,1.3681060282171869,0,0,,
AUT,Austria,2021,0.631,0.219,0,0,0.003,0,43.383,,,43.383,0.631,0,,,0,1.4544867805361545,0,0,,
AUT,Austria,2022,0.589,0.201,0,0,0.01,0,43.181,,,43.181,0.589,0,,,0,1.3640258447002154,0,0,,
BEL,Belgium,1990,1.575,0.352,0,0.296,0,0.058,41.393,0.279,0.017,41.393,1.575,0.296,0.279,0.017,0.7150967554900587,3.804991182083927,18.793650793650794,0,0.05743243243243244,0.9425675675675677
BEL,Belgium,1991,1.539,0.386,0,0.325,0,0.052,41.608,0.307,0.018,41.608,1.539,0.325,0.307,0.018,0.7810997885022112,3.698807921553547,21.117608836907085,0,0.05538461538461538,0.9446153846153845
BEL,Belgium,1992,1.527,0.385,0,0.301,0,0.049,41.18,0.282,0.018,41.18,1.527,0.301,0.282,0.018,0.7309373482272948,3.7081107333657113,19.71185330713818,0,0.05980066445182724,0.93687707641196
BEL,Belgium,1993,1.685,0.418,0.002,0.32,0.05,0.048,42.632,0.302,0.018,42.632,1.685,0.32,0.302,0.018,0.7506098705197974,3.952430099455808,18.991097922848667,0.11869436201780414,0.056249999999999994,0.94375
BEL,Belgium,1994,1.729,0.423,0.004,0.32,0.048,0.06,42.913,0.299,0.021,42.913,1.729,0.32,0.299,0.021,0.7456947778062593,4.029082096334444,18.507807981492192,0.23134759976865238,0.065625,0.934375
BEL,Belgium,1995,1.636,0.439,0.004,0.327,0.035,0.058,42.837,0.307,0.02,42.837,1.636,0.327,0.307,0.02,0.7633587786259541,3.819128323645446,19.987775061124697,0.24449877750611246,0.06116207951070336,0.9388379204892966
BEL,Belgium,1996,1.781,0.486,0.005,0.364,0.023,0.055,43.351,0.344,0.02,43.351,1.781,0.364,0.344,0.02,0.839657678023575,4.108325067472491,20.437956204379564,0.28074115665356547,0.05494505494505495,0.945054945054945
BEL,Belgium,1997,1.923,0.491,0.025,0.339,0.025,0.099,43.812,0.318,0.021,43.812,1.923,0.339,0.318,0.021,0.7737606135305396,4.389208436044919,17.628705148205928,1.3000520020800832,0.061946902654867256,0.9380530973451326
BEL,Belgium,1998,2.074,0.484,0.029,0.383,0.028,0.099,44.437,0.363,0.021,44.437,2.074,0.383,0.363,0.021,0.8618943673065239,4.667281769696424,18.466730954676954,1.398264223722276,0.05483028720626632,0.9477806788511749
BEL,Belgium,1999,2.062,0.463,0.033,0.391,0.031,0.089,44.239,0.369,0.022,44.239,2.062,0.391,0.369,0.022,0.8838355297362057,4.661045683672778,18.96217264791465,1.600387972841901,0.056265984654731455,0.9437340153452685
BEL,Belgium,2000,2.06,0.454,0.036,0.429,0.029,0.071,43.849,0.406,0.023,43.849,2.06,0.429,0.406,0.023,0.9783575452119775,4.697940659992247,20.825242718446603,1.7475728155339803,0.053613053613053616,0.9463869463869464
BEL,Belgium,2001,1.983,0.442,0.036,0.429,0.028,0.069,43.692,0.406,0.023,43.692,1.983,0.429,0.406,0.023,0.9818731117824773,4.538588299917605,21.633888048411496,1.815431164901664,0.053613053613053616,0.9463869463869464
BEL,Belgium,2002,1.972,0.471,0.038,0.429,0.031,0.075,43.913,0.409,0.02,43.913,1.972,0.429,0.409,0.02,0.9769316603283766,4.490697515542095,21.754563894523326,1.9269776876267748,0.046620046620046623,0.9533799533799533
BEL,Belgium,2003,2.044,0.482,0.037,0.459,0.035,0.071,43.344,0.437,0.022,43.344,2.044,0.459,0.437,0.022,1.058970099667774,4.715762273901809,22.455968688845402,1.8101761252446182,0.04793028322440087,0.952069716775599
BEL,Belgium,2004,2.281,0.459,0.051,0.526,0.207,0.078,43.471,0.47,0.056,43.471,2.281,0.526,0.47,0.056,1.210002070345748,5.2471762784385,23.060061376589214,2.235861464270057,0.10646387832699619,0.8935361216730037
BEL,Belgium,2005,3.023,1.236,0.061,0.564,0.04,0.074,43.357,0.479,0.085,43.357,3.023,0.564,0.479,0.085,1.3008280093179878,6.9723458726387895,18.656963281508432,2.01786304995038,0.15070921985815605,0.849290780141844
BEL,Belgium,2006,3.143,1.234,0.064,0.6,0.063,0.1,43.218,0.495,0.104,43.218,3.143,0.6,0.495,0.104,1.3883104262113006,7.272432782636863,19.090041361756285,2.0362710785873372,0.17333333333333334,0.8250000000000001
BEL,Belgium,2007,3.07,1.207,0.073,0.597,0.047,0.068,42.92,0.495,0.102,42.92,3.07,0.597,0.495,0.102,1.3909599254426839,7.1528424976700835,19.446254071661237,2.3778501628664497,0.1708542713567839,0.8291457286432161
BEL,Belgium,2008,3.06,1.23,0.069,0.625,0.049,0.08,43.593,0.535,0.09,43.593,3.06,0.625,0.535,0.09,1.4337164223613883,7.019475603881356,20.424836601307188,2.254901960784314,0.144,0.8560000000000001
BEL,Belgium,2009,2.958,1.281,0.06,0.592,0.053,0.078,42.699,0.514,0.078,42.699,2.958,0.592,0.514,0.078,1.3864493313660742,6.927562706386567,20.013522650439484,2.0283975659229205,0.13175675675675677,0.8682432432432433
BEL,Belgium,2010,3.099,1.276,0.065,0.625,0.09,0.081,42.882,0.534,0.091,42.882,3.099,0.625,0.534,0.091,1.4574879902989601,7.226808451098364,20.167796063246207,2.0974507905776054,0.1456,0.8544
BEL,Belgium,2011,3.175,1.291,0.068,0.647,0.09,0.076,43.508,0.549,0.098,43.508,3.175,0.647,0.549,0.098,1.4870828353406271,7.2975085041831385,20.37795275590551,2.141732283464567,0.15146831530139104,0.848531684698609
BEL,Belgium,2012,3.274,1.269,0.085,0.707,0.153,0.082,44.331,0.604,0.103,44.331,3.274,0.707,0.604,0.103,1.5948207800410545,7.385351108704969,21.594379963347585,2.596212583995113,0.1456859971711457,0.8543140028288543
BEL,Belgium,2013,3.514,1.32,0.115,0.788,0.223,0.079,45.033,0.67,0.118,45.033,3.514,0.788,0.67,0.118,1.7498279039815248,7.803166566739946,22.42458736482641,3.2726237905520774,0.149746192893401,0.850253807106599
BEL,Belgium,2014,3.537,1.326,0.155,0.685,0.282,0.077,44.75,0.562,0.123,44.75,3.537,0.685,0.562,0.123,1.5307262569832403,7.903910614525139,19.366694939214025,4.382244840260108,0.17956204379562044,0.8204379562043795
BEL,Belgium,2015,3.458,1.304,0.159,0.719,0.154,0.076,44.115,0.601,0.118,44.115,3.458,0.719,0.601,0.118,1.6298311232007252,7.838603649552306,20.792365529207633,4.598033545401966,0.16411682892906815,0.8358831710709319
BEL,Belgium,2016,3.474,1.31,0.245,0.681,0.097,0.103,43.288,0.549,0.132,43.288,3.474,0.681,0.549,0.132,1.573184254296803,8.025318795047127,19.602763385146805,7.052389176741508,0.19383259911894274,0.8061674008810573
BEL,Belgium,2017,3.459,1.293,0.209,0.701,0.112,0.066,43.797,0.565,0.136,43.797,3.459,0.701,0.565,0.136,1.6005662488298285,7.897801219261594,20.265972824515753,6.042208730847065,0.19400855920114124,0.8059914407988588
BEL,Belgium,2018,3.441,1.236,0.207,0.695,0.125,0.114,43.824,0.582,0.113,43.824,3.441,0.695,0.582,0.113,1.5858890105878056,7.851861993428258,20.19761697181052,6.015693112467306,0.16258992805755398,0.8374100719424461
BEL,Belgium,2019,3.418,1.284,0.193,0.613,0.095,0.109,42.385,0.501,0.112,42.385,3.418,0.613,0.501,0.112,1.446266367818804,8.06417364633715,17.934464599180806,5.646576945582211,0.18270799347471453,0.8172920065252854
BEL,Belgium,2020,3.391,1.316,0.214,0.644,0.07,0.071,42.219,0.524,0.121,42.219,3.391,0.644,0.524,0.121,1.5253795684407494,8.031928752457425,18.991447950457093,6.310822766145679,0.18788819875776397,0.8136645962732919
BEL,Belgium,2021,3.543,1.23,0.203,0.721,0.082,0.138,42.065,0.58,0.141,42.065,3.543,0.721,0.58,0.141,1.7140140259122787,8.422679186972545,20.34998588766582,5.729607677109795,0.1955617198335645,0.8044382801664355
BEL,Belgium,2022,3.253,1.202,0.198,0.646,0.059,0.136,42.377,0.505,0.14,42.377,3.253,0.646,0.505,0.14,1.524411827170399,7.676333860348773,19.858592068859515,6.086689209960037,0.21671826625386997,0.781733746130031
CAN,Canada,1990,3.515,2.9,0.274,0,0.34,0,35.072,0,0,35.072,3.515,0,0,0,0,10.02223996350365,0,7.795163584637269,,
CAN,Canada,1991,3.711,3.102,0.257,0,0.351,0,35.503,0,0,35.503,3.711,0,0,0,0,10.452637805255893,0,6.925357046618162,,
CAN,Canada,1992,3.901,3.304,0.312,0.001,0.284,0,35.067,0.001,0,35.067,3.901,0.001,0.001,0,0.002851683919354379,11.12441896940143,0.02563445270443476,7.997949243783646,0,1
CAN,Canada,1993,3.876,3.284,0.321,0,0.27,0,34.444,0,0,34.444,3.876,0,0,0,0,11.253048426431308,0,8.281733746130032,,
CAN,Canada,1994,3.8,3.207,0.33,0,0.264,0,34.403,0,0,34.403,3.8,0,0,0,0,11.045548353341278,0,8.68421052631579,,
CAN,Canada,1995,3.692,3.119,0.348,0,0.225,0,34.628,0,0,34.628,3.692,0,0,0,0,10.661892110430864,0,9.42578548212351,,
CAN,Canada,1996,3.677,3.068,0.37,0,0.239,0,34.941,0,0,34.941,3.677,0,0,0,0,10.52345382215735,0,10.062550992657057,,
CAN,Canada,1997,3.67,3.017,0.385,0,0.268,0,35.791,0,0,35.791,3.67,0,0,0,0,10.25397446285379,0,10.490463215258856,,
CAN,Canada,1998,3.706,3.066,0.387,0,0.253,0,35.711,0,0,35.711,3.706,0,0,0,0,10.377754753437317,0,10.442525634106854,,
CAN,Canada,1999,3.57,2.943,0.371,0,0.255,0,35.487,0,0,35.487,3.57,0,0,0,0,10.060021979879954,0,10.392156862745098,,
CAN,Canada,2000,3.301,2.687,0.371,0,0.244,0,34.673,0,0,34.673,3.301,0,0,0,0,9.520376085138292,0,11.239018479248712,,
CAN,Canada,2001,3.664,2.997,0.318,0,0.246,0,34.085,0,0,34.085,3.664,0,0,0,0,10.749596596743435,0,8.679039301310043,,
CAN,Canada,2002,3.579,2.937,0.277,0,0.25,0,33.081,,,33.081,3.579,0,,,0,10.818899065929083,0,7.739592064822576,,
CAN,Canada,2003,3.538,2.907,0.239,0,0.258,0,32.7,,,32.7,3.538,0,,,0,10.819571865443423,0,6.755228942905596,,
CAN,Canada,2004,3.531,2.874,0.247,0,0.25,0,32.713,,,32.713,3.531,0,,,0,10.793873995047841,0,6.9951854998583975,,
CAN,Canada,2005,3.503,2.838,0.243,0,0.257,0,32.661,,,32.661,3.503,0,,,0,10.72532990416705,0,6.936911218955181,,
CAN,Canada,2006,3.465,2.82,0.223,0,0.255,0,32.725,,,32.725,3.465,0,,,0,10.588235294117645,0,6.4357864357864365,,
CAN,Canada,2007,3.455,2.825,0.188,0,0.26,0,32.495,,,32.495,3.455,0,,,0,10.632404985382369,0,5.441389290882778,,
CAN,Canada,2008,3.597,2.864,0.129,0.011,0.437,0,31.235,0.011,0,31.235,3.597,0.011,0.011,0,0.035216904113974705,11.51592764526973,0.3058103975535168,3.586321934945788,0,1
CAN,Canada,2009,3.931,3.174,0.125,0.012,0.45,0,32.346,0.012,0,32.346,3.931,0.012,0.012,0,0.03709886848451122,12.152971001051135,0.30526583566522514,3.1798524548460954,0,1
CAN,Canada,2010,3.826,3.103,0.091,0.011,0.435,0,31.007,0.011,0,31.007,3.826,0.011,0.011,0,0.03547586028961202,12.339149224368692,0.2875065342394145,2.3784631468897017,0,1
CAN,Canada,2011,3.687,3.019,0.053,0.012,0.411,0,30.803,0.012,0,30.803,3.687,0.012,0.012,0,0.03895724442424439,11.969613349349089,0.3254678600488202,1.4374830485489558,0,1
CAN,Canada,2012,3.705,3.049,0.035,0.011,0.425,0,31.177,0.011,0,31.177,3.705,0.011,0.011,0,0.03528241973249511,11.883760464444943,0.29689608636977055,0.9446693657219973,0,1
CAN,Canada,2013,3.704,3.037,0.022,0.012,0.442,0,31.132,0.012,0,31.132,3.704,0.012,0.012,0,0.03854554798920724,11.897725812668638,0.32397408207343414,0.5939524838012958,0,1
CAN,Canada,2014,3.674,3.021,0.018,0.011,0.419,0,31.266,0.011,0,31.266,3.674,0.011,0.011,0,0.03518198682274675,11.750783598797417,0.2994011976047904,0.4899292324442025,0,1
CAN,Canada,2015,3.908,3.148,0.019,0.013,0.478,0,32.82,0.013,0,32.82,3.908,0.013,0.013,0,0.039609993906154786,11.90737355271176,0.3326509723643808,0.4861821903787103,0,1
CAN,Canada,2016,4.008,3.224,0.02,0.013,0.44,0,33.258,0.013,0,33.258,4.008,0.013,0.013,0,0.039088339647603575,12.051235792891934,0.3243512974051896,0.499001996007984,0,1
CAN,Canada,2017,3.931,3.124,0.02,0.014,0.438,0,33.044,0.014,0,33.044,3.931,0.014,0.014,0,0.042367752088124926,11.89625953274422,0.35614347494276266,0.5087763927753752,0,1
CAN,Canada,2018,3.851,3.072,0.02,0.015,0.454,0,33.482,0.015,0,33.482,3.851,0.015,0.015,0,0.04480019114748223,11.501702407263604,0.3895092183848351,0.5193456245131135,0,1
CAN,Canada,2019,3.868,3.095,0.02,0.015,0.449,0,33.082,0.015,0,33.082,3.868,0.015,0.015,0,0.045341877758297566,11.692158877939665,0.3877973112719752,0.5170630816959669,0,1
CAN,Canada,2020,4.045,3.233,0.021,0.015,0.41,0,34.468,0.015,0,34.468,4.045,0.015,0.015,0,0.043518625971915977,11.735522803760007,0.3708281829419036,0.5191594561186651,0,1
CAN,Canada,2021,3.892,2.918,0.019,0.018,0.448,0,34.799,0.018,0,34.799,3.892,0.018,0.018,0,0.051725624299548835,11.184229431880226,0.4624871531346352,0.4881808838643371,0,1
CAN,Canada,2022,3.503,2.655,0.02,0.017,0.426,0,33.832,0.017,0,33.832,3.503,0.017,0.017,0,0.050248285646725,10.35410262473398,0.4852983157293748,0.5709391949757351,0,1
CHE,Switzerland,1990,2.053,0.121,0.916,0.241,0,0.167,23.167,0.241,,23.167,2.053,0.241,0.241,,1.0402728018301894,8.861742996503647,11.738918655625913,44.61763273258646,,1
CHE,Switzerland,1991,1.873,0.12,0.868,0.216,0,0.134,23.026,0.216,,23.026,1.873,0.216,0.216,,0.93807000781725,8.134282984452359,11.532301121195943,46.342765616657765,,1
CHE,Switzerland,1992,1.904,0.124,0.898,0.234,0,0.122,23.458,0.234,,23.458,1.904,0.234,0.234,,0.997527495950209,8.11663398414187,12.289915966386555,47.16386554621849,,1
CHE,Switzerland,1993,2.022,0.132,0.945,0.234,0,0.135,23.998,0.234,,23.998,2.022,0.234,0.234,,0.9750812567713976,8.425702141845152,11.572700296735906,46.73590504451039,,1
CHE,Switzerland,1994,2.091,0.136,1.016,0.258,0,0.152,24.41,0.258,,24.41,2.091,0.258,0.258,,1.0569438754608766,8.566161409258502,12.338593974175035,48.58919177427068,,1
CHE,Switzerland,1995,2.018,0.145,1.04,0.251,0,0.139,24.968,0.251,,24.968,2.018,0.251,0.251,,1.005286767061839,8.082345402114706,12.438057482656097,51.536174430128845,,1
CHE,Switzerland,1996,2.121,0.149,1.067,0.257,0,0.142,25.425,0.257,,25.425,2.121,0.257,0.257,,1.0108161258603736,8.342182890855456,12.116925978312116,50.30645921735031,,1
CHE,Switzerland,1997,2.213,0.151,1.055,0.244,0,0.14,25.103,0.244,,25.103,2.213,0.244,0.244,,0.9719953790383618,8.815679400868422,11.025756891098057,47.67284229552643,,1
CHE,Switzerland,1998,2.478,0.155,1.093,0.296,0,0.155,25.829,0.296,,25.829,2.478,0.296,0.296,,1.1459986836501606,9.593867358395602,11.945117029862791,44.108151735270376,,1
CHE,Switzerland,1999,2.595,0.16,1.187,0.331,0,0.175,26.048,0.331,,26.048,2.595,0.331,0.331,,1.2707309582309585,9.96237714987715,12.755298651252408,45.74181117533719,,1
CHE,Switzerland,2000,2.611,0.156,1.114,0.254,0,0.167,27.033,0.254,,27.033,2.611,0.254,0.254,,0.9395923500906299,9.658565457033996,9.728073535044043,42.66564534661049,,1
CHE,Switzerland,2001,2.494,0.148,1.198,0.236,0,0.158,26.347,0.236,,26.347,2.494,0.236,0.236,,0.8957376551410027,9.465973355600259,9.462710505212508,48.03528468323977,,1
CHE,Switzerland,2002,2.446,0.156,1.232,0.271,0,0.162,26.951,0.271,,26.951,2.446,0.271,0.271,,1.005528551816259,9.07573002857037,11.079313164349958,50.36794766966476,,1
CHE,Switzerland,2003,2.314,0.159,1.215,0.19,0,0.169,26.279,0.19,,26.279,2.314,0.19,0.19,,0.7230107690551391,8.805510103124167,8.210890233362143,52.506482281763176,,1
CHE,Switzerland,2004,2.347,0.155,1.216,0.22,0,0.166,25.989,0.22,,25.989,2.347,0.22,0.22,,0.8465119858401631,9.030743776213013,9.373668512995312,51.810822326374094,,1
CHE,Switzerland,2005,2.201,0.157,1.167,0.171,0,0.15,25.951,0.171,,25.951,2.201,0.171,0.171,,0.6589341451196485,8.481368733382142,7.769195820081781,53.0213539300318,,1
CHE,Switzerland,2006,2.181,0.148,1.172,0.149,0,0.153,25.711,0.149,,25.711,2.181,0.149,0.149,,0.5795184940297927,8.482750573684415,6.831728564878496,53.736817973406694,,1
CHE,Switzerland,2007,2.073,0.152,1.189,0.146,0,0.152,25.543,0.146,,25.543,2.073,0.146,0.146,,0.5715851701053126,8.115726422111733,7.042932947419199,57.35648818137965,,1
CHE,Switzerland,2008,1.991,0.149,1.154,0.14,0,0.138,25.922,0.14,,25.922,1.991,0.14,0.14,,0.5400817838129774,7.680734511225985,7.031642390758414,57.96082370668005,,1
CHE,Switzerland,2009,2.031,0.155,1.172,0.162,0,0.15,26.268,0.162,,26.268,2.031,0.162,0.162,,0.6167199634536319,7.731841023298309,7.976366322008863,57.70556376169373,,1
CHE,Switzerland,2010,1.983,0.155,1.138,0.153,0,0.148,25.816,0.153,,25.816,1.983,0.153,0.153,,0.5926557173845677,7.681282925317633,7.715582450832072,57.387796268280376,,1
CHE,Switzerland,2011,1.926,0.152,1.104,0.133,0,0.155,26.18,0.133,,26.18,1.926,0.133,0.133,,0.5080213903743316,7.35676088617265,6.905503634475598,57.32087227414331,,1
CHE,Switzerland,2012,1.795,0.16,1.088,0.138,0,0.146,26.093,0.138,,26.093,1.795,0.138,0.138,,0.5288774767178938,6.8792396428160805,7.688022284122564,60.61281337047354,,1
CHE,Switzerland,2013,1.837,0.161,1.131,0.145,0,0.145,26.246,0.145,,26.246,1.837,0.145,0.145,,0.5524651375447687,6.999161777032691,7.893304300489929,61.567773543821446,,1
CHE,Switzerland,2014,1.885,0.157,1.17,0.175,0,0.135,26.189,0.175,,26.189,1.885,0.175,0.175,,0.6682194814616823,7.197678414601551,9.283819628647214,62.06896551724137,,1
CHE,Switzerland,2015,1.965,0.17,1.212,0.161,0,0.137,26.956,0.161,,26.956,1.965,0.161,0.161,,0.5972696245733788,7.289657219171984,8.193384223918574,61.679389312977094,,1
CHE,Switzerland,2016,1.996,0.177,1.283,0.167,0,0.14,26.938,0.167,,26.938,1.996,0.167,0.167,,0.6199420892419631,7.409607246269211,8.366733466933868,64.27855711422845,,1
CHE,Switzerland,2017,2.094,0.172,1.321,0.168,0,0.145,27.716,0.168,,27.716,2.094,0.168,0.168,,0.6061480733150526,7.5552027709626195,8.022922636103152,63.085004775549194,,1
CHE,Switzerland,2018,2.042,0.17,1.314,0.169,0,0.153,27.182,0.169,,27.182,2.042,0.169,0.169,,0.6217349716724304,7.512324332278713,8.276199804113615,64.34867776689521,,1
CHE,Switzerland,2019,2.122,0.18,1.386,0.17,0,0.149,27.66,0.17,,27.66,2.122,0.17,0.17,,0.6146059291395518,7.6717281272595805,8.011310084825638,65.31573986804901,,1
CHE,Switzerland,2020,2.258,0.192,1.428,0.181,0,0.171,27.912,0.181,,27.912,2.258,0.181,0.181,,0.6484666093436514,8.089710518773288,8.015943312666076,63.241806908768815,,1
CHE,Switzerland,2021,2.24,0.19,1.386,0.182,0,0.185,28.035,0.182,,28.035,2.24,0.182,0.182,,0.6491885143570537,7.990012484394507,8.124999999999998,61.87499999999999,,1
CHE,Switzerland,2022,2.172,0.192,1.354,0.187,0,0.176,26.91,0.187,,26.91,2.172,0.187,0.187,,0.694908955778521,8.07134894091416,8.609576427255984,62.338858195211785,,1
CHL,Chile,1990,1.032,0.566,0,0.033,0,0,16.774,,,16.774,1.032,0.033,,,0.1967330392273757,6.152378681292476,3.1976744186046515,0,,
CHL,Chile,1991,1.057,0.648,0,0.017,0,0,17.665,,,17.665,1.057,0.017,,,0.09623549391452024,5.983583356920464,1.608325449385052,0,,
CHL,Chile,1992,1.126,0.669,0,0.013,0,0,18.333,,,18.333,1.126,0.013,,,0.0709103801887307,6.141929853270059,1.1545293072824157,0,,
CHL,Chile,1993,1.253,0.683,0,0.03,0,0,18.527,,,18.527,1.253,0.03,,,0.16192583796621146,6.763102499055432,2.3942537909018355,0,,
CHL,Chile,1994,1.152,0.572,0,0.029,0,0,18.28,,,18.28,1.152,0.029,,,0.1586433260393873,6.301969365426695,2.5173611111111116,0,,
CHL,Chile,1995,1.142,0.574,0,0.045,0,0,18.176,,,18.176,1.142,0.045,,,0.2475792253521127,6.283010563380281,3.94045534150613,0,,
CHL,Chile,1996,1.247,0.606,0,0.03,0,0,19.408,,,19.408,1.247,0.03,,,0.15457543281121186,6.4251854905193735,2.4057738572574174,0,,
CHL,Chile,1997,1.3,0.636,0,0.012,0,0,18.876,,,18.876,1.3,0.012,,,0.06357279084551812,6.887052341597796,0.923076923076923,0,,
CHL,Chile,1998,1.311,0.671,0,0.031,0,0,18.739,,,18.739,1.311,0.031,,,0.16543038582635144,6.996104381236992,2.364607170099161,0,,
CHL,Chile,1999,1.401,0.723,0,0.04,0,0,17.978,,,17.978,1.401,0.04,,,0.2224941595283124,7.79285793747914,2.8551034975017844,0,,
CHL,Chile,2000,1.312,0.716,0,0.026,0,0,18.718,,,18.718,1.312,0.026,,,0.13890372903087936,7.009295864942835,1.9817073170731705,0,,
CHL,Chile,2001,1.405,0.709,0,0.039,0,0,18.903,,,18.903,1.405,0.039,,,0.2063164577051262,7.432682642966726,2.775800711743772,0,,
CHL,Chile,2002,1.446,0.683,0,0.054,0,0,18.94,,,18.94,1.446,0.054,,,0.2851108764519535,7.634635691657866,3.7344398340248963,0,,
CHL,Chile,2003,1.422,0.698,0,0.023,0,0,18.627,,,18.627,1.422,0.023,,,0.123476673645783,7.634079561926237,1.6174402250351618,0,,
CHL,Chile,2004,1.298,0.602,0,0.026,0,0,19.112,,,19.112,1.298,0.026,,,0.13604018417748012,6.791544579321893,2.0030816640986133,0,,
CHL,Chile,2005,1.317,0.608,0,0.034,0,0,20.835,,,20.835,1.317,0.034,,,0.16318694504439646,6.321094312455003,2.58162490508732,0,,
CHL,Chile,2006,1.186,0.561,0,0.029,0,0,22.114,,,22.114,1.186,0.029,,,0.13113864520213442,5.363118386542461,2.4451939291736933,0,,
CHL,Chile,2007,1.124,0.55,0,0.032,0,0,22.847,,,22.847,1.124,0.032,,,0.14006215258020746,4.919683109379788,2.8469750889679712,0,,
CHL,Chile,2008,1.177,0.603,0,0.038,0,0,21.403,,,21.403,1.177,0.038,,,0.17754520394337245,5.4992290800355095,3.228547153780798,0,,
CHL,Chile,2009,0.91,0.637,0,0.208,0,0,17.397,,,17.397,0.91,0.208,,,1.1956084382364776,5.23078691728459,22.857142857142858,0,,
CHL,Chile,2010,0.783,0.57,0,0.036,0,0,19.693,,,19.693,0.783,0.036,,,0.18280607322398817,3.9760320926217436,4.597701149425286,0,,
CHL,Chile,2011,0.895,0.651,0,0.025,0,0,21.195,,,21.195,0.895,0.025,,,0.11795234725171032,4.22269403161123,2.7932960893854752,0,,
CHL,Chile,2012,0.955,0.653,0,0.051,0,0,21.323,,,21.323,0.955,0.051,,,0.23917835201425688,4.478731885757163,5.340314136125655,0,,
CHL,Chile,2013,0.827,0.613,0,0.033,0,0,19.939,,,19.939,0.827,0.033,,,0.16550478960830534,4.147650333517227,3.990326481257558,0,,
CHL,Chile,2014,0.83,0.624,0,0.021,0,0,19.699,,,19.699,0.83,0.021,,,0.10660439616224174,4.213411848317173,2.530120481927711,0,,
CHL,Chile,2015,0.895,0.665,0,0.058,0,0,20.51,,,20.51,0.895,0.058,,,0.2827888834714773,4.3637250121891755,6.4804469273743015,0,,
CHL,Chile,2016,1.025,0.693,0,0.06,0,0,20.223,,,20.223,1.025,0.06,,,0.2966918854769322,5.068486376897591,5.853658536585367,0,,
CHL,Chile,2017,1.097,0.695,0,0.113,0,0,20.223,,,20.223,1.097,0.113,,,0.5587697176482224,5.4245166394699105,10.300820419325433,0,,
CHL,Chile,2018,1.1,0.724,0,0.066,0,0,21.282,,,21.282,1.1,0.066,,,0.31012122920778123,5.168687153463021,6,0,,
CHL,Chile,2019,1.145,0.769,0,0.032,0,0,20.982,,,20.982,1.145,0.032,,,0.15251167667524546,5.457058431036126,2.7947598253275108,0,,
CHL,Chile,2020,1.124,0.871,0,0.077,0,0,19.29,,,19.29,1.124,0.077,,,0.39917055469155005,5.8268532918610685,6.85053380782918,0,,
CHL,Chile,2021,1.204,0.836,0,0.122,0,0,22.317,,,22.317,1.204,0.122,,,0.54666845902227,5.394990366088632,10.132890365448505,0,,
CHL,Chile,2022,1.314,0.866,0,0.158,0,0,23.841,,,23.841,1.314,0.158,,,0.6627238790319198,5.5115137787844475,12.02435312024353,0,,
COL,Colombia,1990,0.247,0.247,0,0,0,0,11.347,,,11.347,0.247,0,,,0,2.1767868158984753,0,0,,
COL,Colombia,1991,0.27,0.27,0,0,0,0,13.318,,,13.318,0.27,0,,,0,2.027331431145818,0,0,,
COL,Colombia,1992,0.306,0.306,0,0,0,0,13.909,,,13.909,0.306,0,,,0,2.2000143791789486,0,0,,
COL,Colombia,1993,0.339,0.339,0,0,0,0,14.372,,,14.372,0.339,0,,,0,2.3587531310882275,0,0,,
COL,Colombia,1994,0.411,0.411,0,0,0,0,15.745,,,15.745,0.411,0,,,0,2.6103524928548745,0,0,,
COL,Colombia,1995,0.421,0.421,0,0,0,0,16.032,,,16.032,0.421,0,,,0,2.625998003992016,0,0,,
COL,Colombia,1996,0.491,0.491,0,0,0,0,16.708,,,16.708,0.491,0,,,0,2.9387119942542497,0,0,,
COL,Colombia,1997,0.5,0.5,0,0,0,0,17.382,,,17.382,0.5,0,,,0,2.8765389483373602,0,0,,
COL,Colombia,1998,0.555,0.555,0,0,0,0,16.352,,,16.352,0.555,0,,,0,3.3940802348336594,0,0,,
COL,Colombia,1999,1.113,0.586,0,0,0,0,16.204,,,16.204,1.113,0,,,0,6.868674401382374,0,0,,
COL,Colombia,2000,1.039,0.508,0,0,0,0,15.683,,,15.683,1.039,0,,,0,6.625007970413824,0,0,,
COL,Colombia,2001,1.185,0.517,0,0,0,0,17.328,,,17.328,1.185,0,,,0,6.838642659279778,0,0,,
COL,Colombia,2002,1.691,0.538,0.533,0,0,0,17.153,,,17.153,1.691,0,,,0,9.858333819157,0,31.51981076286221,,
COL,Colombia,2003,1.631,0.553,0.465,0,0,0,17.292,,,17.292,1.631,0,,,0,9.432107332870691,0,28.510116492949113,,
COL,Colombia,2004,1.469,0.574,0.15,0,0,0,17.969,,,17.969,1.469,0,,,0,8.175190606043742,0,10.211027910142953,,
COL,Colombia,2005,1.432,0.584,0.137,0,0,0,18.259,,,18.259,1.432,0,,,0,7.842707705788926,0,9.567039106145254,,
COL,Colombia,2006,1.414,0.577,0.137,0,0,0,19.267,,,19.267,1.414,0,,,0,7.338973374163077,0,9.68882602545969,,
COL,Colombia,2007,1.507,0.536,0.273,0,0,0,19.299,,,19.299,1.507,0,,,0,7.808694751023369,0,18.115461181154615,,
COL,Colombia,2008,1.874,0.532,0.671,0,0,0,19.032,,,19.032,1.874,0,,,0,9.846574190836487,0,35.80576307363928,,
COL,Colombia,2009,1.639,0.613,0.403,0,0,0,18.817,,,18.817,1.639,0,,,0,8.710208853696127,0,24.588163514338014,,
COL,Colombia,2010,1.569,0.614,0.362,0,0,0,18.096,,,18.096,1.569,0,,,0,8.670424403183024,0,23.07202039515615,,
COL,Colombia,2011,2.087,0.583,0.685,0,0,0,18.932,,,18.932,2.087,0,,,0,11.023663638284388,0,32.82223287014854,,
COL,Colombia,2012,2.051,0.603,0.628,0,0,0,19.721,,,19.721,2.051,0,,,0,10.400081131788449,0,30.619210141394436,,
COL,Colombia,2013,2.088,0.663,0.599,0,0,0,20.022,,,20.022,2.088,0,,,0,10.42852861851963,0,28.68773946360153,,
COL,Colombia,2014,2.095,0.711,0.54,0,0,0,19.55,,,19.55,2.095,0,,,0,10.71611253196931,0,25.775656324582336,,
COL,Colombia,2015,2.256,0.753,0.665,0,0,0,19.903,,,19.903,2.256,0,,,0,11.334974626940662,0,29.476950354609933,,
COL,Colombia,2016,2.094,0.761,0.514,0,0,0,19.079,,,19.079,2.094,0,,,0,10.975417998846899,0,24.546322827125124,,
COL,Colombia,2017,1.95,0.794,0.42,0,0,0,18.983,,,18.983,1.95,0,,,0,10.272348943791814,0,21.538461538461537,,
COL,Colombia,2018,1.545,0.808,0.047,0,0,0,19.265,,,19.265,1.545,0,,,0,8.01972488969634,0,3.0420711974110035,,
COL,Colombia,2019,1.791,0.825,0.087,0,0.106,0,19.692,,,19.692,1.791,0,,,0,9.095063985374772,0,4.857621440536013,,
COL,Colombia,2020,1.82,0.912,0.096,0,0.063,0,18.773,,,18.773,1.82,0,,,0,9.694774410056997,0,5.274725274725275,,
COL,Colombia,2021,1.732,0.809,0.087,0,0.012,0,19.193,,,19.193,1.732,0,,,0,9.02412337831501,0,5.023094688221709,,
COL,Colombia,2022,1.533,0.676,0.005,0,0.016,0,19.652,,,19.652,1.533,0,,,0,7.800732749847343,0,0.3261578604044358,,
CRI,Costa Rica,1990,0.298,0.228,0,0,0,0,22.408,,,22.408,0.298,0,,,0,1.329882184933952,0,0,,
CRI,Costa Rica,1991,0.2,0.142,0,0,0,0,17.594,,,17.594,0.2,0,,,0,1.1367511651699442,0,0,,
CRI,Costa Rica,1992,0.231,0.139,0,0,0,0,18.609,,,18.609,0.231,0,,,0,1.2413348379816218,0,0,,
CRI,Costa Rica,1993,0.252,0.15,0,0,0,0,18.798,,,18.798,0.252,0,,,0,1.3405681455473988,0,0,,
CRI,Costa Rica,1994,0.215,0.134,0,0,0,0,19.586,,,19.586,0.215,0,,,0,1.0977228632696825,0,0,,
CRI,Costa Rica,1995,0.195,0.119,0,0,0,0,18.927,,,18.927,0.195,0,,,0,1.0302742114439691,0,0,,
CRI,Costa Rica,1996,0.292,0.205,0,0,0,0,19.862,,,19.862,0.292,0,,,0,1.4701439935555332,0,0,,
CRI,Costa Rica,1997,0.291,0.203,0,0,0,0,20.153,,,20.153,0.291,0,,,0,1.4439537537835558,0,0,,
CRI,Costa Rica,1998,0.196,0.123,0,0,0,0,20.466,,,20.466,0.196,0,,,0,0.9576859181080817,0,0,,
CRI,Costa Rica,1999,0.16,0.1,0,0,0,0,21.199,,,21.199,0.16,0,,,0,0.7547525826689938,0,0,,
CRI,Costa Rica,2000,0.181,0.116,0,0,0,0,21.139,,,21.139,0.181,0,,,0,0.8562372865320025,0,0,,
CRI,Costa Rica,2001,0.194,0.118,0,0,0,0,21.763,,,21.763,0.194,0,,,0,0.891421219500988,0,0,,
CRI,Costa Rica,2002,0.209,0.126,0,0,0,0,21.839,,,21.839,0.209,0,,,0,0.9570035258024636,0,0,,
CRI,Costa Rica,2003,0.213,0.13,0,0,0,0,21.842,,,21.842,0.213,0,,,0,0.9751854225803498,0,0,,
CRI,Costa Rica,2004,0.241,0.148,0,0,0,0,21.326,,,21.326,0.241,0,,,0,1.1300759636124917,0,0,,
CRI,Costa Rica,2005,0.262,0.149,0,0,0,0,21.77,,,21.77,0.262,0,,,0,1.2034910427193386,0,0,,
CRI,Costa Rica,2006,0.314,0.173,0,0,0,0,22.047,,,22.047,0.314,0,,,0,1.4242300539755974,0,0,,
CRI,Costa Rica,2007,0.307,0.168,0,0,0,0,23.136,,,23.136,0.307,0,,,0,1.326936376210235,0,0,,
CRI,Costa Rica,2008,0.288,0.181,0,0,0,0,23.692,,,23.692,0.288,0,,,0,1.2156002026000337,0,0,,
CRI,Costa Rica,2009,0.27,0.198,0,0,0,0,22.108,,,22.108,0.27,0,,,0,1.2212773656594897,0,0,,
CRI,Costa Rica,2010,0.322,0.247,0,0,0,0,22.131,,,22.131,0.322,0,,,0,1.454972662780715,0,0,,
CRI,Costa Rica,2011,0.329,0.241,0,0,0,0,22.649,,,22.649,0.329,0,,,0,1.452602763918937,0,0,,
CRI,Costa Rica,2012,0.345,0.257,0,0,0,0,22.565,,,22.565,0.345,0,,,0,1.528916463549745,0,0,,
CRI,Costa Rica,2013,0.389,0.278,0,0,0,0,22.979,,,22.979,0.389,0,,,0,1.6928499934723011,0,0,,
CRI,Costa Rica,2014,0.408,0.291,0,0,0,0,22.609,,,22.609,0.408,0,,,0,1.8045910920429915,0,0,,
CRI,Costa Rica,2015,0.409,0.298,0,0,0,0,22.947,,,22.947,0.409,0,,,0,1.7823680655423366,0,0,,
CRI,Costa Rica,2016,0.419,0.305,0,0,0,0,23.486,,,23.486,0.419,0,,,0,1.78404155667206,0,0,,
CRI,Costa Rica,2017,0.425,0.312,0,0,0,0,22.984,,,22.984,0.425,0,,,0,1.8491124260355027,0,0,,
CRI,Costa Rica,2018,0.415,0.315,0,0,0,0,23.157,,,23.157,0.415,0,,,0,1.7921146953405016,0,0,,
CRI,Costa Rica,2019,0.444,0.331,0,0,0,0,23.408,,,23.408,0.444,0,,,0,1.8967874231032127,0,0,,
CRI,Costa Rica,2020,0.446,0.35,0,0,0,0,22.566,,,22.566,0.446,0,,,0,1.9764247097403174,0,0,,
CRI,Costa Rica,2021,0.517,0.373,0,0,0,0,24.845,,,24.845,0.517,0,,,0,2.080901589857114,0,0,,
CRI,Costa Rica,2022,0.493,0.346,0,0,0,0,25.186,,,25.186,0.493,0,,,0,1.9574366711665212,0,0,,
CZE,Czechia,1993,0.386,0.252,0,0.014,0,0,36.474,0.001,0.013,36.474,0.386,0.014,0.001,0.013,0.0383835060591106,1.0582880956297638,3.6269430051813467,0,0.9285714285714285,0.07142857142857142
CZE,Czechia,1994,0.435,0.275,0,0.032,0,0,35.23,0.004,0.028,35.23,0.435,0.032,0.004,0.028,0.09083167754754472,1.234743116661936,7.35632183908046,0,0.875,0.125
CZE,Czechia,1995,0.475,0.235,0,0.024,0,0,34.255,0.006,0.018,34.255,0.475,0.024,0.006,0.018,0.07006276455991825,1.3866588819150487,5.052631578947369,0,0.7499999999999999,0.25
CZE,Czechia,1996,0.486,0.217,0,0.025,0,0,32.905,0.006,0.019,32.905,0.486,0.025,0.006,0.019,0.0759762953958365,1.4769791824950613,5.1440329218107,0,0.7599999999999999,0.24
CZE,Czechia,1997,0.514,0.199,0,0.029,0,0,33.204,0.007,0.022,33.204,0.514,0.029,0.007,0.022,0.08733887483435732,1.5480062643055053,5.642023346303502,0,0.7586206896551724,0.24137931034482757
CZE,Czechia,1998,0.505,0.191,0,0.025,0,0,32.116,0.007,0.019,32.116,0.505,0.025,0.007,0.019,0.07784281977830365,1.5724249595217337,4.9504950495049505,0,0.7599999999999999,0.27999999999999997
CZE,Czechia,1999,0.452,0.188,0,0.024,0,0,32.913,0.005,0.018,32.913,0.452,0.024,0.005,0.018,0.07291951508522469,1.373317534105065,5.3097345132743365,0,0.7499999999999999,0.20833333333333334
CZE,Czechia,2000,0.454,0.186,0,0.024,0,0,32.154,0.005,0.02,32.154,0.454,0.024,0.005,0.02,0.07464079119238663,1.4119549667226472,5.286343612334802,0,0.8333333333333334,0.20833333333333334
CZE,Czechia,2001,0.478,0.175,0,0.027,0,0,32.25,0.003,0.023,32.25,0.478,0.027,0.003,0.023,0.08372093023255814,1.4821705426356588,5.648535564853557,0,0.8518518518518519,0.11111111111111112
CZE,Czechia,2002,0.477,0.169,0,0.028,0,0,33.109,0.004,0.024,33.109,0.477,0.028,0.004,0.024,0.08456915038207134,1.4406958832945724,5.870020964360587,0,0.8571428571428571,0.14285714285714285
CZE,Czechia,2003,0.477,0.171,0,0.03,0,0,33.981,0.004,0.027,33.981,0.477,0.03,0.004,0.027,0.08828462964597862,1.4037256113710601,6.289308176100629,0,0.9,0.13333333333333333
CZE,Czechia,2004,0.378,0.16,0,0.02,0,0,34.399,0.003,0.017,34.399,0.378,0.02,0.003,0.017,0.0581412250356115,1.0988691531730572,5.291005291005291,0,0.8500000000000001,0.15
CZE,Czechia,2005,0.396,0.152,0,0.022,0,0,34.204,0.004,0.018,34.204,0.396,0.022,0.004,0.018,0.06431996257747631,1.1577593263945738,5.555555555555555,0,0.8181818181818181,0.18181818181818182
CZE,Czechia,2006,0.398,0.142,0,0.023,0,0,33.848,0.003,0.02,33.848,0.398,0.023,0.003,0.02,0.067950839045143,1.175844953911605,5.7788944723618085,0,0.8695652173913044,0.13043478260869565
CZE,Czechia,2007,0.402,0.133,0,0.012,0,0,34.128,0.003,0.009,34.128,0.402,0.012,0.003,0.009,0.035161744022503515,1.1779184247538679,2.9850746268656714,0,0.7499999999999999,0.25
CZE,Czechia,2008,0.377,0.129,0,0.006,0,0,33.342,0.002,0.004,33.342,0.377,0.006,0.002,0.004,0.017995321216483715,1.1307060164357268,1.5915119363395225,0,0.6666666666666666,0.3333333333333333
CZE,Czechia,2009,0.357,0.161,0,0.006,0,0,32.159,0.002,0.004,32.159,0.357,0.006,0.002,0.004,0.018657296557728787,1.1101091451848626,1.6806722689075633,0,0.6666666666666666,0.3333333333333333
CZE,Czechia,2010,0.406,0.217,0,0.005,0,0,31.909,0.002,0.003,31.909,0.406,0.005,0.002,0.003,0.01566956031213764,1.2723682973455765,1.231527093596059,0,0.6,0.4
CZE,Czechia,2011,0.499,0.207,0,0.107,0,0,32.758,0.002,0.106,32.758,0.499,0.107,0.002,0.106,0.3266377678734965,1.5232920202698574,21.442885771543086,0,0.9906542056074766,0.01869158878504673
CZE,Czechia,2012,0.499,0.232,0,0.082,0,0,33.199,0.002,0.081,33.199,0.499,0.082,0.002,0.081,0.24699539142745267,1.5030573210036449,16.432865731462925,0,0.9878048780487805,0.024390243902439025
CZE,Czechia,2013,0.461,0.236,0,0.005,0,0,33.498,0.002,0.003,33.498,0.461,0.005,0.002,0.003,0.014926264254582364,1.376201564272494,1.0845986984815619,0,0.6,0.4
CZE,Czechia,2014,0.446,0.227,0,0,0,0,32.61,,,32.61,0.446,0,,,0,1.3676786261882858,0,0,,
CZE,Czechia,2015,0.471,0.222,0,0,0,0,32.946,0,0,32.946,0.471,0,0,0,0,1.4296120925150246,0,0,,
CZE,Czechia,2016,0.484,0.219,0,0,0,0,33.707,0,0,33.707,0.484,0,0,0,0,1.435903521523719,0,0,,
CZE,Czechia,2017,0.46,0.208,0,0,0,0,33.982,0,0,33.982,0.46,0,0,0,0,1.353657818845271,0,0,,
CZE,Czechia,2018,0.45,0.198,0,0,0,0,34.559,0,0,34.559,0.45,0,0,0,0,1.3021210104459042,0,0,,
CZE,Czechia,2019,0.409,0.186,0,0,0,0,34.203,0,0,34.203,0.409,0,0,0,0,1.1958015378767943,0,0,,
CZE,Czechia,2020,0.199,0.199,0,0,0,0,34.046,0,0,34.046,0.199,0,0,0,0,0.5845033190389474,0,0,,
CZE,Czechia,2021,0.189,0.188,0,0,0,0,33.654,0,0,33.654,0.189,0,0,0,0,0.5615974326974504,0,0,,
CZE,Czechia,2022,0.177,0.177,0,0,0,0,33.187,,,33.187,0.177,0,,,0,0.53334136860819,0,0,,
DEU,Germany,1990,1.173,0.341,0.475,0.118,0,0,34.803,0.104,0.014,34.803,1.173,0.118,0.104,0.014,0.3390512312156998,3.3703991035255587,10.059676044330775,40.49445865302643,0.11864406779661017,0.8813559322033898
DEU,Germany,1991,1.001,0.32,0.417,0.085,0,0,34.874,0.075,0.01,34.874,1.001,0.085,0.075,0.01,0.2437345873716809,2.8703331995182655,8.491508491508492,41.65834165834166,0.11764705882352941,0.8823529411764705
DEU,Germany,1992,0.972,0.324,0.385,0.091,0,0,35.758,0.08,0.011,35.758,0.972,0.091,0.08,0.011,0.25448850606857204,2.7182728340511213,9.362139917695474,39.609053497942384,0.12087912087912088,0.8791208791208792
DEU,Germany,1993,0.978,0.341,0.365,0.089,0,0,35.781,0.078,0.011,35.781,0.978,0.089,0.078,0.011,0.248735362343143,2.733294206422403,9.100204498977504,37.32106339468302,0.12359550561797752,0.8764044943820225
DEU,Germany,1994,1.011,0.354,0.352,0.097,0,0,36.186,0.086,0.012,36.186,1.011,0.097,0.086,0.012,0.26805947051345824,2.7938981926711985,9.594460929772504,34.817012858555884,0.12371134020618557,0.8865979381443297
DEU,Germany,1995,1.005,0.371,0.366,0.096,0,0,36.312,0.084,0.012,36.312,1.005,0.096,0.084,0.012,0.26437541308658297,2.767680105750165,9.55223880597015,36.4179104477612,0.125,0.875
DEU,Germany,1996,1.083,0.391,0.405,0.108,0,0,35.666,0.095,0.013,35.666,1.083,0.108,0.095,0.013,0.30280939830651044,3.0365053552402848,9.97229916897507,37.39612188365651,0.12037037037037036,0.8796296296296297
DEU,Germany,1997,0.974,0.404,0.217,0.106,0,0,35.35,0.093,0.013,35.35,0.974,0.106,0.093,0.013,0.29985855728429983,2.7553041018387554,10.882956878850102,22.279260780287473,0.12264150943396226,0.8773584905660378
DEU,Germany,1998,0.844,0.412,0.027,0.122,0,0,35.539,0.107,0.015,35.539,0.844,0.122,0.107,0.015,0.34328484200455833,2.374855792228256,14.454976303317535,3.1990521327014214,0.12295081967213115,0.8770491803278688
DEU,Germany,1999,0.898,0.419,0.026,0.148,0,0,36.253,0.131,0.018,36.253,0.898,0.148,0.131,0.018,0.4082420765178054,2.4770363831958733,16.481069042316257,2.89532293986637,0.12162162162162161,0.8851351351351352
DEU,Germany,2000,0.83,0.42,0.021,0.141,0,0,36.369,0.124,0.017,36.369,0.83,0.141,0.124,0.017,0.3876928153097418,2.282163380901317,16.987951807228914,2.530120481927711,0.12056737588652484,0.8794326241134752
DEU,Germany,2001,0.803,0.418,0.013,0.141,0,0,35.127,0.124,0.017,35.127,0.803,0.141,0.124,0.017,0.4014006319924843,2.285990833262163,17.55915317559153,1.61892901618929,0.12056737588652484,0.8794326241134752
DEU,Germany,2002,0.79,0.421,0.011,0.137,0,0,34.559,0.121,0.016,34.559,0.79,0.137,0.121,0.016,0.39642350762464196,2.285945773893921,17.341772151898734,1.3924050632911391,0.11678832116788321,0.8832116788321167
DEU,Germany,2003,0.819,0.437,0.01,0.153,0,0,34.745,0.134,0.018,34.745,0.819,0.153,0.134,0.018,0.44035112965894374,2.3571736940566987,18.681318681318682,1.221001221001221,0.11764705882352941,0.8758169934640524
DEU,Germany,2004,0.838,0.439,0.004,0.189,0,0,34.521,0.167,0.023,34.521,0.838,0.189,0.167,0.023,0.5474928304510298,2.4275078937458354,22.55369928400955,0.47732696897374705,0.12169312169312169,0.8835978835978836
DEU,Germany,2005,0.84,0.448,0.004,0.179,0,0,34.649,0.158,0.022,34.649,0.84,0.179,0.158,0.022,0.5166094259574591,2.424312389967964,21.30952380952381,0.4761904761904762,0.12290502793296089,0.8826815642458101
DEU,Germany,2006,0.852,0.436,0.001,0.158,0,0,35.213,0.139,0.019,35.213,0.852,0.158,0.139,0.019,0.44869792406213616,2.419560957600886,18.544600938967136,0.11737089201877934,0.12025316455696203,0.879746835443038
DEU,Germany,2007,0.875,0.429,0,0.168,0,0,35.697,0.148,0.02,35.697,0.875,0.168,0.148,0.02,0.4706277838473822,2.451186374205115,19.2,0,0.11904761904761904,0.8809523809523808
DEU,Germany,2008,0.836,0.424,0,0.187,0,0,36.179,0.165,0.023,36.179,0.836,0.187,0.165,0.023,0.5168744299179081,2.310732745515354,22.36842105263158,0,0.1229946524064171,0.8823529411764707
DEU,Germany,2009,0.832,0.447,0,0.186,0,0,37.121,0.164,0.022,37.121,0.832,0.186,0.164,0.022,0.5010640877131542,2.2413189299857224,22.355769230769234,0,0.11827956989247311,0.8817204301075269
DEU,Germany,2010,0.819,0.441,0,0.172,0,0,35.869,0.151,0.021,35.869,0.819,0.172,0.151,0.021,0.47952270763054444,2.283308706682651,21.001221001221,0,0.12209302325581398,0.877906976744186
DEU,Germany,2011,0.855,0.433,0.028,0.158,0,0,36.589,0.139,0.019,36.589,0.855,0.158,0.139,0.019,0.4318237721719642,2.3367678810571486,18.47953216374269,3.274853801169591,0.12025316455696203,0.879746835443038
DEU,Germany,2012,0.895,0.438,0.032,0.157,0,0,37.342,0.138,0.019,37.342,0.895,0.157,0.138,0.019,0.42043811258100805,2.3967650366879116,17.54189944134078,3.5754189944134076,0.12101910828025478,0.8789808917197452
DEU,Germany,2013,0.929,0.44,0.025,0.165,0,0,37.675,0.145,0.02,37.675,0.929,0.165,0.145,0.02,0.43795620437956206,2.465826144658262,17.761033369214207,2.6910656620021527,0.12121212121212122,0.8787878787878787
DEU,Germany,2014,0.962,0.433,0.023,0.186,0,0,37.614,0.164,0.022,37.614,0.962,0.186,0.164,0.022,0.49449672994097943,2.557558355931302,19.334719334719335,2.390852390852391,0.11827956989247311,0.8817204301075269
DEU,Germany,2015,1.072,0.437,0.056,0.208,0,0,38.052,0.183,0.025,38.052,1.072,0.208,0.183,0.025,0.546620414170083,2.8171975191842744,19.402985074626862,5.223880597014925,0.12019230769230771,0.8798076923076923
DEU,Germany,2016,1.087,0.436,0.032,0.224,0,0,38.518,0.197,0.027,38.518,1.087,0.224,0.197,0.027,0.5815462900462122,2.8220572200010383,20.607175712971483,2.943882244710212,0.12053571428571429,0.8794642857142857
DEU,Germany,2017,1.049,0.427,0.032,0.187,0,0,38.528,0.165,0.022,38.528,1.049,0.187,0.165,0.022,0.4853612956810632,2.7226951827242525,17.82650142993327,3.0505243088655867,0.11764705882352941,0.8823529411764707
DEU,Germany,2018,1.079,0.422,0.036,0.202,0,0,39.196,0.178,0.024,39.196,1.079,0.202,0.178,0.024,0.5153587100724565,2.7528319216246557,18.721037998146432,3.3364226135310466,0.1188118811881188,0.8811881188118811
DEU,Germany,2019,1.113,0.416,0.042,0.201,0,0,39.326,0.177,0.024,39.326,1.113,0.201,0.177,0.024,0.5111122412653207,2.8301886792452833,18.059299191374663,3.773584905660378,0.11940298507462686,0.880597014925373
DEU,Germany,2020,1.246,0.431,0.045,0.254,0,0,38.652,0.224,0.031,38.652,1.246,0.254,0.224,0.031,0.6571458139294215,3.2236365517955083,20.38523274478331,3.611556982343499,0.12204724409448818,0.8818897637795275
DEU,Germany,2021,1.239,0.414,0.049,0.27,0,0,39.781,0.238,0.032,39.781,1.239,0.27,0.238,0.032,0.6787159699353964,3.1145521731479855,21.791767554479417,3.954802259887005,0.11851851851851851,0.8814814814814814
DEU,Germany,2022,1.115,0.394,0.042,0.238,0,0,39.647,0.209,0.029,39.647,1.115,0.238,0.209,0.029,0.600297626554342,2.8123187126390397,21.345291479820627,3.766816143497758,0.12184873949579833,0.8781512605042017
DNK,Denmark,1990,1.899,1.039,0.108,0.257,0.009,0,44.551,,,44.551,1.899,0.257,,,0.5768669614598999,4.262530582927431,13.533438651922063,5.687203791469194,,
DNK,Denmark,1991,1.69,0.978,0.085,0.241,0.011,0,43.946,,,43.946,1.69,0.241,,,0.548400309470714,3.8456287261639286,14.2603550295858,5.029585798816568,,
DNK,Denmark,1992,1.816,0.972,0.086,0.253,0.01,0,44.486,,,44.486,1.816,0.253,,,0.5687182484377108,4.082183158746573,13.931718061674008,4.73568281938326,,
DNK,Denmark,1993,1.949,1.152,0.092,0.265,0.005,0,45.834,,,45.834,1.949,0.265,,,0.5781734083867871,4.252301784701313,13.596716264751155,4.720369420215495,,
DNK,Denmark,1994,1.801,1.07,0.086,0.224,0.007,0,46.724,,,46.724,1.801,0.224,,,0.4794110093313929,3.8545501241332083,12.43753470294281,4.775124930594115,,
DNK,Denmark,1995,1.669,0.997,0.093,0.229,0.004,0,46.603,,,46.603,1.669,0.229,,,0.4913846748063429,3.581314507649722,13.72079089275015,5.572198921509886,,
DNK,Denmark,1996,1.602,0.949,0.062,0.21,0.003,0,46.875,,,46.875,1.602,0.21,,,0.44799999999999995,3.4176000000000006,13.108614232209737,3.870162297128589,,
DNK,Denmark,1997,1.626,0.985,0,0.188,0.005,0,46.828,,,46.828,1.626,0.188,,,0.40146920645767487,3.4722815409584005,11.562115621156211,0,,
DNK,Denmark,1998,1.767,0.978,0,0.182,0.007,0,47.468,,,47.468,1.767,0.182,,,0.38341619617426476,3.722507794724867,10.299943406904358,0,,
DNK,Denmark,1999,1.769,1.031,0,0.192,0.009,0,48.045,,,48.045,1.769,0.192,,,0.39962535123321885,3.681964824643563,10.853589598643303,0,,
DNK,Denmark,2000,1.564,1.023,0,0.216,0.011,0,46.792,,,46.792,1.564,0.216,,,0.4616173704906822,3.342451701145495,13.810741687979538,0,,
DNK,Denmark,2001,1.629,1.068,0,0.197,0.007,0,45.935,,,45.935,1.629,0.197,,,0.4288668771089583,3.5463154457385433,12.093308778391652,0,,
DNK,Denmark,2002,1.678,1.105,0,0.18,0.006,0,45.468,,,45.468,1.678,0.18,,,0.395882818685669,3.690507609747514,10.727056019070321,0,,
DNK,Denmark,2003,1.772,1.147,0,0.189,0.006,0,45.693,,,45.693,1.772,0.189,,,0.4136300965136892,3.878055719694483,10.66591422121896,0,,
DNK,Denmark,2004,1.788,1.134,0,0.213,0.008,0,46.3,,,46.3,1.788,0.213,,,0.4600431965442765,3.8617710583153353,11.912751677852349,0,,
DNK,Denmark,2005,1.842,1.1,0,0.198,0.002,0,47.885,,,47.885,1.842,0.198,,,0.4134906546935367,3.84671609063381,10.749185667752444,0,,
DNK,Denmark,2006,1.823,1.084,0,0.209,0.001,0,46.47,,,46.47,1.823,0.209,,,0.44975252851301917,3.9229610501398753,11.464618760285244,0,,
DNK,Denmark,2007,1.81,1.09,0,0.223,0,0,46.488,,,46.488,1.81,0.223,,,0.479693684391671,3.893477886766478,12.320441988950275,0,,
DNK,Denmark,2008,1.899,1.188,0,0.262,0,0,44.761,,,44.761,1.899,0.262,,,0.5853309800942785,4.242532561828377,13.796735123749343,0,,
DNK,Denmark,2009,1.819,1.305,0,0.212,0.001,0,44.737,,,44.737,1.819,0.212,,,0.4738806804211279,4.065985649462413,11.654755360087961,0,,
DNK,Denmark,2010,1.849,1.333,0,0.201,0,0,44.794,,,44.794,1.849,0.201,,,0.4487208108228781,4.1277849712015,10.870740941049215,0,,
DNK,Denmark,2011,1.888,1.353,0,0.259,0,0,44.867,,,44.867,1.888,0.259,,,0.5772616845342903,4.207992511199768,13.718220338983054,0,,
DNK,Denmark,2012,1.779,1.311,0,0.208,0,0,45.626,,,45.626,1.779,0.208,,,0.45588041905930826,3.8990926226274496,11.69196177627881,0,,
DNK,Denmark,2013,1.808,1.362,0,0.203,0,0,45.97,,,45.97,1.808,0.203,,,0.44159234283228194,3.932999782466826,11.22787610619469,0,,
DNK,Denmark,2014,1.833,1.371,0,0.194,0.002,0,48.776,,,48.776,1.833,0.194,,,0.39773659176644244,3.7579957356076754,10.583742498636116,0,,
DNK,Denmark,2015,1.939,1.383,0,0.255,0,0,46.487,,,46.487,1.939,0.255,,,0.5485404521694237,4.171058575515736,13.151108818978855,0,,
DNK,Denmark,2016,1.84,1.353,0,0.201,0,0,45.799,,,45.799,1.84,0.201,,,0.43887421122731946,4.017554968449093,10.923913043478262,0,,
DNK,Denmark,2017,1.792,1.3,0,0.198,0,0,45.457,,,45.457,1.792,0.198,,,0.43557647887014106,3.942187121895418,11.049107142857142,0,,
DNK,Denmark,2018,1.836,1.318,0,0.213,0,0,44.445,,,44.445,1.836,0.213,,,0.4792440094498819,4.13094836314546,11.601307189542483,0,,
DNK,Denmark,2019,2.011,1.327,0,0.371,0,0,47.146,,,47.146,2.011,0.371,,,0.7869172358206422,4.265473210876851,18.448533068125307,0,,
DNK,Denmark,2020,1.96,1.357,0,0.286,0,0,47.237,,,47.237,1.96,0.286,,,0.6054575862141964,4.14928975167771,14.591836734693878,0,,
DNK,Denmark,2021,1.835,1.263,0,0.239,0,0,47.249,,,47.249,1.835,0.239,,,0.5058308112341001,3.883680077885246,13.024523160762943,0,,
DNK,Denmark,2022,1.703,1.163,0,0.26,0,0,41.934,,,41.934,1.703,0.26,,,0.62002193923785,4.061143702007917,15.267175572519085,0,,
ESP,Spain,1990,1.74,0.45,0.194,0.134,0.197,0.012,31.537,,,31.537,1.74,0.134,,,0.42489773916352225,5.517328851824841,7.7011494252873565,11.149425287356323,,
ESP,Spain,1991,1.576,0.445,0.128,0.135,0.162,0.006,31.808,,,31.808,1.576,0.135,,,0.4244215291750503,4.9547283702213285,8.565989847715736,8.121827411167512,,
ESP,Spain,1992,1.573,0.495,0.132,0.131,0.111,0.007,32.811,,,32.811,1.573,0.131,,,0.3992563469568133,4.794123921855475,8.328035600762874,8.391608391608392,,
ESP,Spain,1993,1.599,0.553,0.142,0.139,0.106,0.01,31.865,,,31.865,1.599,0.139,,,0.43621528322611025,5.018044876824102,8.692933083176985,8.880550343964977,,
ESP,Spain,1994,1.797,0.619,0.151,0.181,0.119,0.012,31.898,,,31.898,1.797,0.181,,,0.5674336949025017,5.633582042761302,10.072342793544797,8.402893711741791,,
ESP,Spain,1995,1.783,0.599,0.165,0.186,0.14,0,31.307,,,31.307,1.783,0.186,,,0.5941163318107772,5.695211933433417,10.431856421761077,9.254066180594505,,
ESP,Spain,1996,1.761,0.582,0.163,0.195,0.144,0,31.11,,,31.11,1.761,0.195,,,0.6268081002892961,5.660559305689489,11.073253833049405,9.25610448608745,,
ESP,Spain,1997,2.001,0.608,0.178,0.206,0.266,0,31.949,,,31.949,2.001,0.206,,,0.6447776143228269,6.263106826504742,10.294852573713143,8.895552223888057,,
ESP,Spain,1998,1.962,0.629,0.194,0.193,0.167,0,32.762,,,32.762,1.962,0.193,,,0.5890971247176607,5.98864538184482,9.836901121304791,9.887869520897045,,
ESP,Spain,1999,2.052,0.631,0.205,0.196,0.175,0,33.136,,,33.136,2.052,0.196,,,0.5915016900048286,6.192660550458715,9.551656920077972,9.990253411306043,,
ESP,Spain,2000,2.134,0.616,0.218,0.213,0.171,0,33.05,,,33.05,2.134,0.213,,,0.6444780635400907,6.4568835098335855,9.981255857544518,10.215557638238051,,
ESP,Spain,2001,2.062,0.615,0.202,0.198,0.161,0,32.796,,,32.796,2.062,0.198,,,0.6037321624588364,6.2873521161117205,9.602327837051408,9.79631425800194,,
ESP,Spain,2002,2.226,0.608,0.189,0.2,0.167,0,33.244,,,33.244,2.226,0.2,,,0.6016123210203345,6.695945132956322,8.984725965858043,8.49056603773585,,
ESP,Spain,2003,2.461,0.612,0.182,0.214,0.175,0,33.095,,,33.095,2.461,0.214,,,0.6466233570025683,7.436168605529536,8.695652173913043,7.3953677366924016,,
ESP,Spain,2004,2.737,0.632,0.177,0.23,0.19,0,34.042,,,34.042,2.737,0.23,,,0.6756359790846601,8.040068151107455,8.403361344537815,6.466934599926927,,
ESP,Spain,2005,3.017,0.652,0.185,0.261,0.205,0,35.243,,,35.243,3.017,0.261,,,0.7405725959765059,8.560565218624975,8.650977792509115,6.131919124958568,,
ESP,Spain,2006,3.216,0.667,0.202,0.262,0.222,0,35.999,,,35.999,3.216,0.262,,,0.7277979943887329,8.933581488374678,8.14676616915423,6.281094527363185,,
ESP,Spain,2007,2.988,0.677,0.23,0.27,0.228,0,36.414,,,36.414,2.988,0.27,,,0.7414730598121602,8.205635195254573,9.036144578313253,7.697456492637215,,
ESP,Spain,2008,2.308,0.716,0.26,0.262,0.174,0,32.103,,,32.103,2.308,0.262,,,0.8161231037597731,7.189359249914337,11.351819757365686,11.265164644714039,,
ESP,Spain,2009,2.031,0.829,0.058,0.249,0.154,0,29.679,,,29.679,2.031,0.249,,,0.8389770544829678,6.843222480541798,12.25997045790251,2.855736090595766,,
ESP,Spain,2010,2.067,0.901,0.064,0.225,0.169,0,31.282,,,31.282,2.067,0.225,,,0.7192634742024168,6.607633783006202,10.88534107402032,3.096274794388002,,
ESP,Spain,2011,1.957,0.957,0.063,0.208,0.158,0,31.19,,,31.19,1.957,0.208,,,0.6668804103879448,6.2744469381211925,10.628513030148184,3.2192130812468065,,
ESP,Spain,2012,2.123,1.086,0.141,0.222,0.155,0,32.368,,,32.368,2.123,0.222,,,0.6858625803262481,6.558947108255067,10.456900612341027,6.641544983513895,,
ESP,Spain,2013,2.376,1.159,0.201,0.244,0.253,0,33.105,,,33.105,2.376,0.244,,,0.7370487841715754,7.177163570457636,10.26936026936027,8.45959595959596,,
ESP,Spain,2014,2.516,1.2,0.182,0.26,0.287,0,33.872,,,33.872,2.516,0.26,,,0.7675956542276807,7.427964100141709,10.333863275039747,7.233704292527822,,
ESP,Spain,2015,2.584,1.171,0.177,0.259,0.33,0,33.827,,,33.827,2.584,0.259,,,0.7656605670026903,7.638868359594407,10.023219814241486,6.84984520123839,,
ESP,Spain,2016,2.569,1.153,0.18,0.241,0.336,0,33.58,,,33.58,2.569,0.241,,,0.7176891006551519,7.650387135199524,9.38108213312573,7.006617360840794,,
ESP,Spain,2017,2.534,1.134,0.18,0.233,0.259,0,33.852,,,33.852,2.534,0.233,,,0.6882902044192367,7.485525227460712,9.19494869771113,7.103393843725336,,
ESP,Spain,2018,2.538,1.115,0.184,0.223,0.242,0,34.645,,,34.645,2.538,0.223,,,0.6436715254726512,7.3257324289219214,8.786446020488574,7.249802994483846,,
ESP,Spain,2019,2.454,1.083,0.18,0.202,0.241,0,34.663,,,34.663,2.454,0.202,,,0.5827539451288117,7.079594957158932,8.231458842705788,7.334963325183373,,
ESP,Spain,2020,2.482,1.186,0.206,0.223,0.194,0,36.844,,,36.844,2.482,0.223,,,0.6052545869069591,6.736510693735751,8.984689766317485,8.299758259468168,,
ESP,Spain,2021,2.755,1.145,0.194,0.289,0.217,0,37.813,,,37.813,2.755,0.289,,,0.7642874143812973,7.285854071351122,10.490018148820326,7.041742286751361,,
ESP,Spain,2022,2.595,1.046,0.194,0.272,0.143,0,37.59,,,37.59,2.595,0.272,,,0.7235967012503325,6.903431763766959,10.48169556840077,7.475915221579961,,
EST,Estonia,1995,0.351,0.351,0,0,0,0,34.998,,,34.998,0.351,0,,,0,1.0029144522544144,0,0,,
EST,Estonia,1996,0.366,0.366,0,0,0,0,33.824,,,33.824,0.366,0,,,0,1.0820719016083256,0,0,,
EST,Estonia,1997,0.377,0.377,0,0,0,0,33.553,,,33.553,0.377,0,,,0,1.1235955056179776,0,0,,
EST,Estonia,1998,0.372,0.372,0,0,0,0,33.622,,,33.622,0.372,0,,,0,1.1064184165129975,0,0,,
EST,Estonia,1999,0.367,0.367,0,0,0,0,32.37,,,32.37,0.367,0,,,0,1.1337658325610134,0,0,,
EST,Estonia,2000,0.388,0.388,0,0,0,0,31.087,,,31.087,0.388,0,,,0,1.2481101425032972,0,0,,
EST,Estonia,2001,0.363,0.363,0,0,0,0,30.295,,,30.295,0.363,0,,,0,1.1982175276448257,0,0,,
EST,Estonia,2002,0.344,0.344,0,0,0,0,30.973,,,30.973,0.344,0,,,0,1.1106447551092886,0,0,,
EST,Estonia,2003,0.328,0.328,0,0,0,0,30.764,,,30.764,0.328,0,,,0,1.0661812508126383,0,0,,
EST,Estonia,2004,0.311,0.311,0,0,0,0,30.978,,,30.978,0.311,0,,,0,1.0039382787784878,0,0,,
EST,Estonia,2005,0.285,0.285,0,0,0,0,29.75,,,29.75,0.285,0,,,0,0.957983193277311,0,0,,
EST,Estonia,2006,0.244,0.244,0,0,0,0,30.432,,,30.432,0.244,0,,,0,0.8017875920084122,0,0,,
EST,Estonia,2007,0.215,0.215,0,0,0,0,30.982,,,30.982,0.215,0,,,0,0.693951326576722,0,0,,
EST,Estonia,2008,0.29,0.29,0,0,0,0,31.237,,,31.237,0.29,0,,,0,0.9283862086628036,0,0,,
EST,Estonia,2009,0.341,0.341,0,0,0,0,34.95,,,34.95,0.341,0,,,0,0.9756795422031472,0,0,,
EST,Estonia,2010,0.348,0.348,0,0,0,0,33.195,,,33.195,0.348,0,,,0,1.0483506552191595,0,0,,
EST,Estonia,2011,0.307,0.307,0,0,0,0,31.373,,,31.373,0.307,0,,,0,0.9785484333662704,0,0,,
EST,Estonia,2012,0.324,0.324,0,0,0,0,31.402,,,31.402,0.324,0,,,0,1.0317814151964844,0,0,,
EST,Estonia,2013,0.299,0.299,0,0,0,0,31.249,,,31.249,0.299,0,,,0,0.9568306185797946,0,0,,
EST,Estonia,2014,0.289,0.289,0,0,0,0,31.635,,,31.635,0.289,0,,,0,0.9135451240714397,0,0,,
EST,Estonia,2015,0.276,0.276,0,0,0,0,32.719,,,32.719,0.276,0,,,0,0.8435465631590209,0,0,,
EST,Estonia,2016,0.266,0.266,0,0,0,0,32.851,,,32.851,0.266,0,,,0,0.8097165991902834,0,0,,
EST,Estonia,2017,0.237,0.237,0,0,0,0,31.902,,,31.902,0.237,0,,,0,0.7429001316531878,0,0,,
EST,Estonia,2018,0.219,0.219,0,0,0,0,32.271,,,32.271,0.219,0,,,0,0.6786278702240401,0,0,,
EST,Estonia,2019,0.204,0.204,0,0,0,0,32.655,,,32.655,0.204,0,,,0,0.624712907671107,0,0,,
EST,Estonia,2020,0.21,0.21,0,0,0,0,32.79,,,32.79,0.21,0,,,0,0.6404391582799633,0,0,,
EST,Estonia,2021,0.189,0.189,0,0,0,0,33.502,,,33.502,0.189,0,,,0,0.5641454241537818,0,0,,
EST,Estonia,2022,0.162,0.162,0,0,0,0,32.554,,,32.554,0.162,0,,,0,0.497634699268907,0,0,,
FIN,Finland,1990,1.051,0.084,0.03,0.161,0,0,42.934,0.133,0.027,42.934,1.051,0.161,0.133,0.027,0.37499417710905114,2.4479433549168492,15.31874405328259,2.8544243577545196,0.16770186335403725,0.8260869565217391
FIN,Finland,1991,1.003,0.096,0.024,0.192,0,0,44.48,0.161,0.031,44.48,1.003,0.192,0.161,0.031,0.4316546762589929,2.2549460431654675,19.14257228315055,2.3928215353938187,0.16145833333333334,0.8385416666666666
FIN,Finland,1992,0.964,0.107,0.031,0.202,0,0,44,0.169,0.033,44,0.964,0.202,0.169,0.033,0.4590909090909091,2.190909090909091,20.954356846473033,3.2157676348547723,0.16336633663366337,0.8366336633663366
FIN,Finland,1993,1.169,0.439,0.047,0.181,0,0,43.497,0.152,0.029,43.497,1.169,0.181,0.152,0.029,0.4161206519989884,2.6875416695404284,15.483319076133448,4.020530367835757,0.16022099447513813,0.8397790055248618
FIN,Finland,1994,1.116,0.485,0.052,0.187,0,0,45.518,0.156,0.031,45.518,1.116,0.187,0.156,0.031,0.4108264862252296,2.4517773188628675,16.756272401433687,4.659498207885305,0.1657754010695187,0.8342245989304813
FIN,Finland,1995,0.988,0.447,0.036,0.169,0,0,44.5,0.142,0.027,44.5,0.988,0.169,0.142,0.027,0.3797752808988764,2.2202247191011235,17.105263157894736,3.643724696356275,0.15976331360946744,0.8402366863905324
FIN,Finland,1996,1.03,0.425,0.046,0.215,0,0,45.69,0.179,0.035,45.69,1.03,0.215,0.179,0.035,0.47056248632085795,2.2543226088859707,20.87378640776699,4.466019417475728,0.16279069767441862,0.8325581395348837
FIN,Finland,1997,1.045,0.395,0.047,0.221,0,0,44.938,0.185,0.036,44.938,1.045,0.221,0.185,0.036,0.4917886866349192,2.3254261426854774,21.14832535885168,4.497607655502392,0.16289592760180993,0.8371040723981901
FIN,Finland,1998,1.071,0.382,0.048,0.236,0,0,44.792,0.197,0.039,44.792,1.071,0.236,0.197,0.039,0.5268797999642792,2.391051973566708,22.03548085901027,4.481792717086835,0.1652542372881356,0.8347457627118645
FIN,Finland,1999,1.053,0.411,0.068,0.253,0,0,44.262,0.211,0.042,44.262,1.053,0.253,0.211,0.042,0.5715964032352808,2.3790158601057336,24.02659069325736,6.457739791073125,0.16600790513833993,0.83399209486166
FIN,Finland,2000,1.113,0.418,0.131,0.27,0,0,45.759,0.225,0.045,45.759,1.113,0.27,0.225,0.045,0.5900478594374877,2.4323083983478657,24.258760107816713,11.769991015274035,0.16666666666666666,0.8333333333333333
FIN,Finland,2001,1.003,0.418,0.088,0.266,0,0,43.115,0.223,0.044,43.115,1.003,0.266,0.223,0.044,0.6169546561521512,2.3263365418067954,26.52043868394816,8.773678963110669,0.16541353383458646,0.8383458646616541
FIN,Finland,2002,1.038,0.427,0.076,0.304,0,0,43.275,0.255,0.05,43.275,1.038,0.304,0.255,0.05,0.7024841132293471,2.398613518197574,29.28709055876686,7.321772639691715,0.16447368421052633,0.8388157894736843
FIN,Finland,2003,0.994,0.436,0.065,0.271,0,0,42.338,0.227,0.044,42.338,0.994,0.271,0.227,0.044,0.6400869195521754,2.3477726864755066,27.263581488933603,6.539235412474849,0.16236162361623613,0.8376383763837638
FIN,Finland,2004,1.072,0.431,0.074,0.297,0,0,41.748,0.249,0.049,41.748,1.072,0.297,0.249,0.049,0.7114113250934176,2.567787678451663,27.705223880597014,6.902985074626865,0.164983164983165,0.8383838383838385
FIN,Finland,2005,1.15,0.44,0.078,0.295,0,0,42.037,0.247,0.048,42.037,1.15,0.295,0.247,0.048,0.7017627328306016,2.7356852296786163,25.65217391304348,6.782608695652175,0.16271186440677968,0.8372881355932204
FIN,Finland,2006,1.064,0.454,0,0.292,0,0,42.085,0.245,0.047,42.085,1.064,0.292,0.245,0.047,0.693833907568017,2.528216704288939,27.443609022556387,0,0.16095890410958905,0.839041095890411
FIN,Finland,2007,1.076,0.457,0,0.245,0,0,41.4,0.205,0.04,41.4,1.076,0.245,0.205,0.04,0.5917874396135266,2.599033816425121,22.769516728624534,0,0.163265306122449,0.836734693877551
FIN,Finland,2008,1.054,0.47,0,0.335,0,0,41.09,0.281,0.055,41.09,1.054,0.335,0.281,0.055,0.8152835239717693,2.565100997809686,31.783681214421257,0,0.16417910447761194,0.8388059701492537
FIN,Finland,2009,1.047,0.536,0,0.242,0,0,40.773,0.202,0.04,40.773,1.047,0.242,0.202,0.04,0.5935300321291049,2.5678758001618713,23.113658070678127,0,0.1652892561983471,0.834710743801653
FIN,Finland,2010,1.109,0.621,0,0.206,0,0,40.562,0.172,0.033,40.562,1.109,0.206,0.172,0.033,0.5078645037226961,2.734086090429466,18.575293056807933,0,0.16019417475728157,0.8349514563106796
FIN,Finland,2011,1.08,0.606,0,0.199,0,0,41.794,0.167,0.033,41.794,1.08,0.199,0.167,0.033,0.47614490118198793,2.5841029812891807,18.425925925925927,0,0.1658291457286432,0.8391959798994975
FIN,Finland,2012,1.174,0.632,0,0.253,0,0,42.415,0.212,0.041,42.415,1.174,0.253,0.212,0.041,0.5964870918307202,2.767888718613698,21.550255536626917,0,0.16205533596837945,0.8379446640316205
FIN,Finland,2013,1.272,0.667,0,0.316,0,0,43.406,0.265,0.051,43.406,1.272,0.316,0.265,0.051,0.7280099525411233,2.9304704418743954,24.842767295597483,0,0.16139240506329114,0.8386075949367089
FIN,Finland,2014,1.314,0.731,0,0.241,0,0,43.513,0.202,0.039,43.513,1.314,0.241,0.202,0.039,0.5538574678831614,3.0197871900351623,18.340943683409435,0,0.16182572614107885,0.8381742738589213
FIN,Finland,2015,1.427,0.758,0,0.299,0,0,43.524,0.25,0.049,43.524,1.427,0.299,0.25,0.049,0.6869772998805256,3.278650859296021,20.953048353188507,0,0.16387959866220736,0.8361204013377926
FIN,Finland,2016,1.41,0.768,0,0.24,0,0,43.727,0.201,0.039,43.727,1.41,0.24,0.201,0.039,0.5488599720996181,3.224552336085256,17.02127659574468,0,0.1625,0.8375000000000001
FIN,Finland,2017,1.528,0.784,0,0.402,0,0,42.857,0.336,0.065,42.857,1.528,0.402,0.336,0.065,0.9380031266770891,3.5653452178173928,26.308900523560208,0,0.1616915422885572,0.835820895522388
FIN,Finland,2018,1.434,0.777,0,0.296,0,0,42.387,0.248,0.048,42.387,1.434,0.296,0.248,0.048,0.698327317337863,3.3831127468327553,20.641562064156208,0,0.16216216216216217,0.8378378378378378
FIN,Finland,2019,1.45,0.78,0,0.312,0,0,42.291,0.255,0.057,42.291,1.45,0.312,0.255,0.057,0.7377456196353834,3.4286254758695707,21.517241379310345,0,0.1826923076923077,0.8173076923076923
FIN,Finland,2020,1.499,0.819,0,0.335,0,0,41.846,0.273,0.062,41.846,1.499,0.335,0.273,0.062,0.8005544138029921,3.582182287434881,22.348232154769846,0,0.18507462686567164,0.8149253731343283
FIN,Finland,2021,1.511,0.782,0,0.33,0,0,43.211,0.264,0.065,43.211,1.511,0.33,0.264,0.065,0.7636944296591146,3.496794797620976,21.839841164791533,0,0.19696969696969696,0.8
FIN,Finland,2022,1.443,0.764,0,0.337,0,0,43.175,0.263,0.073,43.175,1.443,0.337,0.263,0.073,0.7805442964678635,3.3422119281991893,23.354123354123356,0,0.21661721068249257,0.7804154302670623
FRA,France,1990,2.628,1.418,0.251,0.395,0,0,41.55,0.334,0.061,41.55,2.628,0.395,0.334,0.061,0.950661853188929,6.324909747292419,15.030441400304415,9.550989345509892,0.15443037974683543,0.8455696202531646
FRA,France,1991,2.642,1.45,0.24,0.387,0,0,41.892,0.334,0.053,41.892,2.642,0.387,0.334,0.053,0.9238040676024061,6.306693402081542,14.647993943981833,9.084027252081757,0.13695090439276486,0.8630490956072352
FRA,France,1992,3.212,1.709,0.489,0.467,0,0,41.928,0.317,0.15,41.928,3.212,0.467,0.317,0.15,1.113814157603511,7.6607517649303585,14.539227895392278,15.224159402241593,0.32119914346895073,0.6788008565310493
FRA,France,1993,2.773,1.792,0.1,0.375,0,0,43.018,0.332,0.043,43.018,2.773,0.375,0.332,0.043,0.8717281138128224,6.446138825607885,13.523260007212404,3.606202668589975,0.11466666666666665,0.8853333333333334
FRA,France,1994,2.903,1.874,0.109,0.389,0,0,43.072,0.341,0.049,43.072,2.903,0.389,0.341,0.049,0.9031389301634472,6.739877414561664,13.39993110575267,3.7547364795039617,0.12596401028277635,0.8766066838046273
FRA,France,1995,2.838,1.907,0.107,0.349,0,0,42.697,0.301,0.048,42.697,2.838,0.349,0.301,0.048,0.817387638475771,6.646837014310139,12.297392529950669,3.770260747004933,0.13753581661891118,0.8624641833810889
FRA,France,1996,2.946,2.01,0.11,0.387,0,0,43.831,0.335,0.052,43.831,2.946,0.387,0.335,0.052,0.8829367342748282,6.721270333782027,13.136456211812627,3.73387644263408,0.13436692506459946,0.8656330749354005
FRA,France,1997,3.117,2.032,0.119,0.471,0,0,43.963,0.407,0.064,43.963,3.117,0.471,0.407,0.064,1.0713554579987716,7.09005299911289,15.110683349374398,3.8177735001604103,0.13588110403397027,0.8641188959660298
FRA,France,1998,3.105,2.022,0.127,0.414,0,0,43.797,0.356,0.058,43.797,3.105,0.414,0.356,0.058,0.9452702239879445,7.089526679909583,13.333333333333334,4.090177133655395,0.14009661835748793,0.8599033816425121
FRA,France,1999,3.162,2.02,0.139,0.469,0,0,44.517,0.364,0.104,44.517,3.162,0.469,0.364,0.104,1.0535301120920098,7.102904508390052,14.832384566729917,4.395951929158761,0.22174840085287847,0.7761194029850746
FRA,France,2000,2.991,1.858,0.165,0.467,0,0,43.666,0.372,0.095,43.666,2.991,0.467,0.372,0.095,1.0694819768240738,6.849722896532773,15.61350718823136,5.516549648946841,0.20342612419700212,0.7965738758029978
FRA,France,2001,2.962,1.854,0.173,0.476,0,0,43.549,0.369,0.107,43.549,2.962,0.476,0.369,0.107,1.0930216537693171,6.801533904337644,16.070222822417286,5.8406482106684665,0.22478991596638656,0.7752100840336135
FRA,France,2002,2.99,1.907,0.156,0.452,0,0,42.854,0.394,0.058,42.854,2.99,0.452,0.394,0.058,1.0547440145610678,6.977178326410605,15.117056856187292,5.217391304347826,0.12831858407079647,0.8716814159292036
FRA,France,2003,3.055,1.957,0.145,0.453,0,0,42.659,0.395,0.058,42.659,3.055,0.453,0.395,0.058,1.0619095618743994,7.1614430718019655,14.828150572831422,4.746317512274959,0.12803532008830024,0.8719646799116998
FRA,France,2004,3.186,1.979,0.152,0.506,0,0,42.815,0.433,0.073,42.815,3.186,0.506,0.433,0.073,1.1818287983183464,7.4413172953404185,15.881983678593848,4.770872567482737,0.1442687747035573,0.8557312252964426
FRA,France,2005,3.321,2.047,0.173,0.509,0,0,43.142,0.43,0.079,43.142,3.321,0.509,0.43,0.079,1.179824764730425,7.697835056325622,15.32670882264378,5.209274314965371,0.15520628683693516,0.8447937131630648
FRA,France,2006,3.383,2.07,0.197,0.45,0,0,43.522,0.376,0.074,43.522,3.383,0.45,0.376,0.074,1.033959836404577,7.773080281237076,13.301803133313628,5.823233816139521,0.16444444444444442,0.8355555555555555
FRA,France,2007,3.373,2.06,0.225,0.457,0,0,42.921,0.403,0.054,42.921,3.373,0.457,0.403,0.054,1.0647468605111718,7.858623983597774,13.548769641268898,6.670619626445301,0.11816192560175054,0.8818380743982495
FRA,France,2008,3.257,2.096,0.208,0.395,0,0,42.737,0.355,0.039,42.737,3.257,0.395,0.355,0.039,0.9242576689987599,7.621030956782179,12.127724900214922,6.386245010746085,0.09873417721518987,0.8987341772151898
FRA,France,2009,3.335,2.333,0.184,0.383,0,0,42.109,0.354,0.03,42.109,3.335,0.383,0.354,0.03,0.9095442779453323,7.919922106913011,11.484257871064468,5.517241379310345,0.07832898172323759,0.9242819843342036
FRA,France,2010,3.547,2.388,0.222,0.386,0,0,42.238,0.342,0.044,42.238,3.547,0.386,0.342,0.044,0.9138690278895781,8.397651403949052,10.882435861291231,6.2588102621934025,0.11398963730569947,0.8860103626943006
FRA,France,2011,3.653,2.417,0.208,0.423,0,0,43.319,0.346,0.077,43.319,3.653,0.423,0.346,0.077,0.9764768346453058,8.43278930723239,11.579523679167806,5.6939501779359425,0.18203309692671396,0.817966903073286
FRA,France,2012,3.792,2.502,0.239,0.463,0,0,44.461,0.397,0.066,44.461,3.792,0.463,0.397,0.066,1.041362092620499,8.528823013427498,12.209915611814347,6.302742616033755,0.14254859611231102,0.857451403887689
FRA,France,2013,3.852,2.576,0.205,0.495,0,0,45.329,0.444,0.051,45.329,3.852,0.495,0.444,0.051,1.0920161486024398,8.497871120033532,12.850467289719628,5.321910695742471,0.10303030303030303,0.896969696969697
FRA,France,2014,3.912,2.581,0.248,0.484,0,0,45.406,0.417,0.067,45.406,3.912,0.484,0.417,0.067,1.065938422234947,8.615601462361802,12.372188139059306,6.339468302658487,0.1384297520661157,0.8615702479338843
FRA,France,2015,4.077,2.613,0.236,0.563,0,0,45.363,0.49,0.073,45.363,4.077,0.563,0.49,0.073,1.2410995745431297,8.987500826664903,13.809173411822417,5.788570026980622,0.1296625222024867,0.8703374777975134
FRA,France,2016,4.147,2.669,0.215,0.566,0,0,45.397,0.494,0.072,45.397,4.147,0.566,0.494,0.072,1.2467784214815956,9.134964865519748,13.648420544972268,5.184470701712081,0.12720848056537104,0.8727915194346291
FRA,France,2017,4.289,2.662,0.22,0.63,0,0,46.239,0.524,0.106,46.239,4.289,0.63,0.524,0.106,1.3624862129371311,9.275719630614848,14.688738633714154,5.129400792725577,0.16825396825396824,0.8317460317460318
FRA,France,2018,4.034,2.534,0.078,0.616,0,0,46.022,0.514,0.102,46.022,4.034,0.616,0.514,0.102,1.338490287253922,8.765373082438833,15.270203272186416,1.9335647000495788,0.16558441558441558,0.8344155844155845
FRA,France,2019,3.936,2.383,0.085,0.636,0,0,45.024,0.515,0.121,45.024,3.936,0.636,0.515,0.121,1.4125799573560769,8.742004264392325,16.158536585365855,2.1595528455284554,0.190251572327044,0.809748427672956
FRA,France,2020,4.001,2.389,0.086,0.662,0,0,45.239,0.556,0.106,45.239,4.001,0.662,0.556,0.106,1.4633391542695464,8.844138906695552,16.54586353411647,2.1494626343414143,0.16012084592145015,0.83987915407854985
FRA,France,2021,3.887,2.072,0.081,0.758,0,0,45.059,0.605,0.154,45.059,3.887,0.758,0.605,0.154,1.6822388424066224,8.626467520362192,19.500900437355288,2.0838693079495756,0.20316622691292877,0.7981530343007915
FRA,France,2022,3.702,1.951,0.086,0.714,0,0,45.774,0.589,0.125,45.774,3.702,0.714,0.589,0.125,1.5598374623148512,8.087560623934985,19.286871961102108,2.3230686115613177,0.1750700280112045,0.8249299719887955
GBR,United Kingdom,1990,2.686,2.187,0,0.215,0,0,32.869,0.215,0,32.869,2.686,0.215,0.215,0,0.6541117770543673,8.171833642642003,8.004467609828742,0,0,1
GBR,United Kingdom,1991,2.373,1.902,0,0.195,0,0,31.684,0.195,0,31.684,2.373,0.195,0.195,0,0.6154525943693978,7.48958464840298,8.217446270543615,0,0,1
GBR,United Kingdom,1992,2.274,1.909,0,0.183,0,0,30.893,0.183,0,30.893,2.274,0.183,0.183,0,0.5923672029262292,7.360890816689865,8.047493403693931,0,0,1
GBR,United Kingdom,1993,2.995,2.583,0,0.181,0,0,29.875,0.181,0,29.875,2.995,0.181,0.181,0,0.605857740585774,10.025104602510462,6.043405676126878,0,0,1
GBR,United Kingdom,1994,3.195,2.756,0,0.193,0,0,30.601,0.193,0,30.601,3.195,0.193,0.193,0,0.6306983431913991,10.440835266821345,6.0406885758998445,0,0,1
GBR,United Kingdom,1995,2.939,2.544,0,0.169,0,0,29.301,0.169,0,29.301,2.939,0.169,0.169,0,0.5767721238182998,10.030374389952563,5.750255188839741,0,0,1
GBR,United Kingdom,1996,2.991,2.564,0,0.178,0,0,29.097,0.178,0,29.097,2.991,0.178,0.178,0,0.6117469154895693,10.279410248479225,5.951186894015379,0,0,1
GBR,United Kingdom,1997,3.104,2.597,0,0.168,0,0,29.817,0.168,0,29.817,3.104,0.168,0.168,0,0.5634369654894859,10.410168695710501,5.412371134020619,0,0,1
GBR,United Kingdom,1998,3.254,2.628,0,0.18,0,0,31.252,0.18,0,31.252,3.254,0.18,0.18,0,0.575963138359145,10.4121336234481,5.531653349723417,0,0,1
GBR,United Kingdom,1999,3.444,2.682,0,0.187,0,0,31.864,0.187,0,31.864,3.444,0.187,0.187,0,0.586869194074818,10.808435852372583,5.429732868757259,0,0,1
GBR,United Kingdom,2000,3.735,2.773,0,0.201,0,0,32.658,0.201,0,32.658,3.735,0.201,0.201,0,0.6154694102516994,11.436707697960683,5.381526104417671,0,0,1
GBR,United Kingdom,2001,3.686,2.836,0,0.209,0,0,32.176,0.209,0,32.176,3.686,0.209,0.209,0,0.6495524614619591,11.45574341123819,5.670103092783505,0,0,1
GBR,United Kingdom,2002,3.748,2.924,0,0.2,0,0,31.404,0.2,0,31.404,3.748,0.2,0.2,0,0.6368615462998345,11.934785377658898,5.3361792956243335,0,0,1
GBR,United Kingdom,2003,3.704,2.935,0,0.192,0,0,31.168,0.192,0,31.168,3.704,0.192,0.192,0,0.6160164271047228,11.883983572895279,5.183585313174946,0,0,1
GBR,United Kingdom,2004,3.81,2.921,0,0.217,0,0,32.095,0.217,0,32.095,3.81,0.217,0.217,0,0.6761177753544165,11.871007945162798,5.695538057742782,0,0,1
GBR,United Kingdom,2005,3.849,2.915,0,0.225,0,0,32.499,0.225,0,32.499,3.849,0.225,0.225,0,0.6923289947382996,11.843441336656513,5.845674201091192,0,0,1
GBR,United Kingdom,2006,4.053,2.922,0,0.243,0,0,32.829,0.243,0,32.829,4.053,0.243,0.243,0,0.7401992141094763,12.345791830393859,5.995558845299779,0,0,1
GBR,United Kingdom,2007,4.104,2.906,0,0.25,0,0,32.967,0.25,0,32.967,4.104,0.25,0.25,0,0.758334091667425,12.448812448812449,6.091617933723197,0,0,1
GBR,United Kingdom,2008,3.771,2.971,0,0.204,0,0,32.145,0.204,0,32.145,3.771,0.204,0.204,0,0.6346243583761082,11.731217918805411,5.409705648369132,0,0,1
GBR,United Kingdom,2009,3.771,3.155,0,0.155,0,0,31.077,0.155,0,31.077,3.771,0.155,0.155,0,0.49876114168034236,12.134375905010135,4.1103155661628215,0,0,1
GBR,United Kingdom,2010,3.84,3.11,0,0.164,0,0,32.045,0.164,0,32.045,3.84,0.164,0.164,0,0.5117803089405524,11.983148697144639,4.270833333333333,0,0,1
GBR,United Kingdom,2011,3.814,3.106,0,0.177,0,0,32.852,0.177,0,32.852,3.814,0.177,0.177,0,0.5387799829538537,11.609643248508464,4.640797063450446,0,0,1
GBR,United Kingdom,2012,3.812,3.108,0,0.183,0,0,32.122,0.183,0,32.122,3.812,0.183,0.183,0,0.569703007284727,11.867256086171471,4.800629590766002,0,0,1
GBR,United Kingdom,2013,3.93,3.09,0,0.19,0.002,0,32.007,0.19,0,32.007,3.93,0.19,0.19,0,0.5936201455931515,12.278564064110977,4.8346055979643765,0,0,1
GBR,United Kingdom,2014,4.005,3.035,0,0.209,0.006,0,31.693,0.209,0,31.693,4.005,0.209,0.209,0,0.6594516139210551,12.636859874420217,5.218476903870163,0,0,1
GBR,United Kingdom,2015,3.986,3.027,0,0.232,0.008,0,31.907,0.232,0,31.907,3.986,0.232,0.232,0,0.7271131726580375,12.492556492305765,5.82037129954842,0,0,1
GBR,United Kingdom,2016,4.077,3.019,0,0.241,0.013,0,32.45,0.241,0,32.45,4.077,0.241,0.241,0,0.7426810477657935,12.563944530046223,5.911209222467501,0,0,1
GBR,United Kingdom,2017,4.108,3.015,0,0.258,0.013,0,32.733,0.258,0,32.733,4.108,0.258,0.258,0,0.7881953991384841,12.550025967677877,6.2804284323271675,0,0,1
GBR,United Kingdom,2018,4.118,3.084,0,0.246,0.014,0,32.768,0.246,0,32.768,4.118,0.246,0.246,0,0.750732421875,12.567138671875,5.97377367654201,0,0,1
GBR,United Kingdom,2019,4.041,3.075,0,0.231,0.02,0,32.49,0.231,0,32.49,4.041,0.231,0.231,0,0.7109879963065558,12.437673130193906,5.716406829992575,0,0,1
GBR,United Kingdom,2020,3.799,2.911,0,0.25,0.011,0,32.812,0.25,0,32.812,3.799,0.25,0.25,0,0.7619163720590029,11.578081189808607,6.580679126085812,0,0,1
GBR,United Kingdom,2021,3.922,2.828,0,0.261,0.016,0,34.227,0.261,0,34.227,3.922,0.261,0.261,0,0.7625558769392585,11.458789844274989,6.6547679755226925,0,0,1
GBR,United Kingdom,2022,4.014,2.86,0,0.272,0.017,0,35.42,0.272,0,35.42,4.014,0.272,0.272,0,0.7679277244494637,11.332580463015246,6.776283009466866,0,0,1
GRC,Greece,1990,1.169,0.049,0,0.309,0.002,0,25.191,0.188,0.122,25.191,1.169,0.309,0.188,0.122,1.2266285578182683,4.640546226827041,26.43284858853721,0,0.3948220064724919,0.6084142394822006
GRC,Greece,1991,0.989,0.053,0,0.301,0.002,0,25.292,0.166,0.135,25.292,0.989,0.301,0.166,0.135,1.190099636248616,3.910327376245453,30.434782608695656,0,0.44850498338870437,0.5514950166112957
GRC,Greece,1992,1.186,0.063,0,0.282,0.183,0,26.123,0.185,0.097,26.123,1.186,0.282,0.185,0.097,1.0795084791180183,4.540060483099184,23.77740303541315,0,0.3439716312056738,0.6560283687943262
GRC,Greece,1993,0.982,0.04,0,0.282,0.024,0,26.57,0.179,0.104,26.57,0.982,0.282,0.179,0.104,1.0613473842679713,3.69589762890478,28.716904276985737,0,0.3687943262411348,0.6347517730496455
GRC,Greece,1994,0.944,0.022,0,0.289,0.003,0,26.834,0.181,0.109,26.834,0.944,0.289,0.181,0.109,1.0769918759782366,3.5179250204963854,30.614406779661017,0,0.3771626297577855,0.6262975778546713
GRC,Greece,1995,1.69,0.228,0.435,0.294,0,0.008,28.313,,,28.313,1.69,0.294,,,1.038392257973369,5.968989510119027,17.39644970414201,25.7396449704142,,
GRC,Greece,1996,1.8,0.25,0.469,0.236,0.026,0.007,28.455,,,28.455,1.8,0.236,,,0.8293797223686523,6.325777543489722,13.111111111111109,26.055555555555554,,
GRC,Greece,1997,1.968,0.248,0.489,0.23,0.042,0.041,29.561,,,29.561,1.968,0.23,,,0.7780521633232976,6.657420249653259,11.6869918699187,24.847560975609756,,
GRC,Greece,1998,1.969,0.239,0.501,0.245,0,0.091,30.755,,,30.755,1.969,0.245,,,0.7966184360266624,6.402211022597952,12.442864398171661,25.444388014220415,,
GRC,Greece,1999,2.39,0.255,0.501,0.218,0.001,0.083,31.817,,,31.817,2.39,0.218,,,0.685168306251375,7.5117075777100295,9.12133891213389,20.96234309623431,,
GRC,Greece,2000,2.571,0.263,0.505,0.263,0.019,0.079,33.424,,,33.424,2.571,0.263,,,0.7868597415031116,7.692077549066539,10.229482691559705,19.642162582652663,,
GRC,Greece,2001,2.161,0.256,0.479,0.236,0.018,0.074,31.937,,,31.937,2.161,0.236,,,0.7389548172965524,6.766446441431569,10.920869967607588,22.165664044423877,,
GRC,Greece,2002,1.974,0.277,0.464,0.207,0.001,0.105,33.147,,,33.147,1.974,0.207,,,0.6244909041542221,5.955290071499683,10.486322188449847,23.505572441742657,,
GRC,Greece,2003,1.907,0.276,0.463,0.139,0.001,0.099,31.493,,,31.493,1.907,0.139,,,0.44136792303051475,6.05531387927476,7.288935500786577,24.278972207656004,,
GRC,Greece,2004,1.811,0.268,0.476,0.12,0.023,0.094,30.466,,,30.466,1.811,0.12,,,0.39388170419484014,5.9443313858071285,6.6261733848702375,26.28382109331861,,
GRC,Greece,2005,1.923,0.252,0.538,0.129,0.037,0.09,31.874,,,31.874,1.923,0.129,,,0.40471857940641276,6.0331304511514094,6.708268330733229,27.97711908476339,,
GRC,Greece,2006,2.085,0.306,0.512,0.111,0.008,0.105,31.05,,,31.05,2.085,0.111,,,0.35748792270531404,6.7149758454106285,5.323741007194245,24.556354916067146,,
GRC,Greece,2007,2.109,0.305,0.519,0.089,0,0.098,31.797,,,31.797,2.109,0.089,,,0.279900619555304,6.632701198226247,4.220009483167378,24.608819345661452,,
GRC,Greece,2008,2.158,0.326,0.522,0.075,0.142,0.004,31.803,,,31.803,2.158,0.075,,,0.23582680879162343,6.785523378297645,3.4754402224281744,24.189063948100095,,
GRC,Greece,2009,1.989,0.334,0.545,0.067,0.121,0.106,30.752,,,30.752,1.989,0.067,,,0.21787200832466183,6.467872008324663,3.3685268979386627,27.40070387129211,,
GRC,Greece,2010,1.669,0.247,0.568,0.074,0,0.269,32.31,,,32.31,1.669,0.074,,,0.22903125967192817,5.165583410708758,4.433792690233672,34.032354703415216,,
GRC,Greece,2011,2.523,1.241,0.617,0.06,0,0.181,34.258,,,34.258,2.523,0.06,,,0.17514157277132347,7.364703135034152,2.378121284185493,24.455013872374156,,
GRC,Greece,2012,2.746,1.494,0.649,0.049,0,0.166,36.702,,,36.702,2.746,0.049,,,0.1335077107514577,7.481881096398017,1.7844136926438456,23.634377276037874,,
GRC,Greece,2013,3.168,1.456,0.603,0.055,0,0.712,36.254,,,36.254,3.168,0.055,,,0.1517073978043802,8.738346113532302,1.7361111111111112,19.03409090909091,,
GRC,Greece,2014,2.896,1.877,0.568,0.063,0,0.073,36.687,,,36.687,2.896,0.063,,,0.17172295363480253,7.8938043448633035,2.175414364640884,19.613259668508288,,
GRC,Greece,2015,3.072,2.037,0.614,0.076,0,0.035,36.946,,,36.946,3.072,0.076,,,0.20570562442483625,8.31483787148812,2.473958333333333,19.986979166666664,,
GRC,Greece,2016,3.147,2.105,0.656,0.066,0,0.01,39.212,,,39.212,3.147,0.066,,,0.16831582168723858,8.025604406814239,2.0972354623450906,20.84524944391484,,
GRC,Greece,2017,3.144,2.066,0.66,0.087,0,0.005,39.722,,,39.722,3.144,0.087,,,0.21902220432002414,7.915009314737426,2.7671755725190836,20.99236641221374,,
GRC,Greece,2018,3.094,2.002,0.655,0.075,0,0.006,40.345,,,40.345,3.094,0.075,,,0.18589664146734414,7.668856115999505,2.424046541693601,21.170006464124114,,
GRC,Greece,2019,3.055,1.782,0.651,0.133,0,0.015,39.492,,,39.492,3.055,0.133,,,0.3367770687734225,7.735743948141397,4.353518821603928,21.309328968903436,,
GRC,Greece,2020,3.055,1.859,0.704,0.102,0,0.008,39.509,,,39.509,3.055,0.102,,,0.2581690247791642,7.732415399023007,3.3387888707037643,23.044189852700487,,
GRC,Greece,2021,2.915,1.763,0.637,0.109,0,0.007,40.041,,,40.041,2.915,0.109,,,0.27222097350216035,7.280037961089883,3.739279588336192,21.852487135506003,,
GRC,Greece,2022,2.739,1.536,0.626,0.112,0,0.007,41.212,,,41.212,2.739,0.112,,,0.2717655051926623,6.646122488595554,4.089083607155897,22.85505658999635,,
HUN,Hungary,1991,0.517,0.234,0,0.078,0,0,44.622,0.068,0.01,44.622,0.517,0.078,0.068,0.01,0.17480166733898078,1.1586213078750394,15.087040618955513,0,0.12820512820512822,0.8717948717948718
HUN,Hungary,1992,0.446,0.17,0,0.059,0,0,44.354,0.046,0.012,44.354,0.446,0.059,0.046,0.012,0.13302069711863643,1.005546286693421,13.228699551569505,0,0.2033898305084746,0.7796610169491526
HUN,Hungary,1993,0.367,0.098,0,0.048,0,0,45.197,0.036,0.012,45.197,0.367,0.048,0.036,0.012,0.106201739053477,0.8120007965130429,13.079019073569484,0,0.25,0.7499999999999999
HUN,Hungary,1994,0.439,0.106,0,0.051,0,0,42.735,0.04,0.011,42.735,0.439,0.051,0.04,0.011,0.11934011934011933,1.0272610272610272,11.617312072892938,0,0.21568627450980393,0.7843137254901962
HUN,Hungary,1995,0.497,0.104,0,0.047,0,0,40.77,0.036,0.011,40.77,0.497,0.047,0.036,0.011,0.11528084375766494,1.2190336031395634,9.456740442655935,0,0.23404255319148934,0.7659574468085106
HUN,Hungary,1996,0.598,0.162,0,0.04,0,0,39.421,0.03,0.01,39.421,0.598,0.04,0.03,0.01,0.10146876030542097,1.5169579665660433,6.688963210702342,0,0.25,0.75
HUN,Hungary,1997,0.58,0.167,0,0.041,0,0,37.743,0.032,0.01,37.743,0.58,0.041,0.032,0.01,0.10862941472590945,1.5367087936835968,7.06896551724138,0,0.24390243902439024,0.7804878048780488
HUN,Hungary,1998,0.587,0.174,0,0.04,0,0,37.461,0.029,0.011,37.461,0.587,0.04,0.029,0.011,0.10677771549077708,1.5669629748271536,6.814310051107326,0,0.27499999999999997,0.725
HUN,Hungary,1999,0.634,0.199,0,0.042,0,0,38.23,0.031,0.011,38.23,0.634,0.042,0.031,0.011,0.10986136541982737,1.6583834684802512,6.624605678233439,0,0.26190476190476186,0.738095238095238
HUN,Hungary,2000,0.668,0.231,0,0.041,0,0,38.521,0.03,0.011,38.521,0.668,0.041,0.03,0.011,0.10643545079307391,1.7341190519456922,6.137724550898203,0,0.26829268292682923,0.7317073170731707
HUN,Hungary,2001,0.69,0.232,0,0.043,0,0,37.6,0.032,0.011,37.6,0.69,0.043,0.032,0.011,0.11436170212765957,1.8351063829787233,6.231884057971014,0,0.2558139534883721,0.744186046511628
HUN,Hungary,2002,0.688,0.228,0,0.05,0,0,37.389,0.037,0.013,37.389,0.688,0.05,0.037,0.013,0.1337291716815106,1.8401134023375856,7.267441860465117,0,0.25999999999999995,0.7399999999999999
HUN,Hungary,2003,0.801,0.241,0,0.045,0,0,37.193,0.033,0.012,37.193,0.801,0.045,0.033,0.012,0.12099050896674104,2.1536310596079913,5.617977528089887,0,0.26666666666666666,0.7333333333333334
HUN,Hungary,2004,0.833,0.246,0,0.06,0,0,36.916,0.047,0.013,36.916,0.833,0.06,0.047,0.013,0.1625311518040958,2.2564741575468634,7.202881152460984,0,0.21666666666666667,0.7833333333333333
HUN,Hungary,2005,0.827,0.26,0,0.069,0,0,36.395,0.056,0.013,36.395,0.827,0.069,0.056,0.013,0.18958648165956862,2.272290149745844,8.34340991535671,0,0.18840579710144925,0.8115942028985507
HUN,Hungary,2006,0.813,0.26,0,0.064,0,0,36.347,0.053,0.011,36.347,0.813,0.064,0.053,0.011,0.17608055685476104,2.2367733237956364,7.872078720787208,0,0.171875,0.828125
HUN,Hungary,2007,0.787,0.28,0,0.051,0,0,39.232,0.042,0.009,39.232,0.787,0.051,0.042,0.009,0.1299959216965742,2.006015497553018,6.480304955527318,0,0.17647058823529413,0.823529411764706
HUN,Hungary,2008,0.847,0.3,0,0.041,0,0,39.333,0.033,0.009,39.333,0.847,0.041,0.033,0.009,0.10423817150992806,2.1534080797294894,4.8406139315230226,0,0.2195121951219512,0.8048780487804879
HUN,Hungary,2009,0.811,0.329,0,0.035,0,0,38.735,0.022,0.013,38.735,0.811,0.035,0.022,0.013,0.09035755776429587,2.0937136956241127,4.315659679408138,0,0.3714285714285714,0.6285714285714284
HUN,Hungary,2010,1.135,0.337,0.494,0.023,0,0,36.826,0.015,0.007,36.826,1.135,0.023,0.015,0.007,0.06245587356758811,3.082061586922283,2.026431718061674,43.52422907488987,0.30434782608695654,0.6521739130434783
HUN,Hungary,2011,1.111,0.359,0.488,0.023,0,0,36.373,0.018,0.005,36.373,1.111,0.023,0.018,0.005,0.06323371731779068,3.054463475655019,2.07020702070207,43.924392439243924,0.2173913043478261,0.7826086956521738
HUN,Hungary,2012,1.211,0.438,0.478,0.019,0,0,38.901,0.016,0.004,38.901,1.211,0.019,0.016,0.004,0.04884193208400812,3.1130305133544125,1.568951279933939,39.471511147811725,0.2105263157894737,0.8421052631578948
HUN,Hungary,2013,1.281,0.627,0.424,0.017,0,0,38.444,0.013,0.004,38.444,1.281,0.017,0.013,0.004,0.0442201643949641,3.3321194464675887,1.3270882123341143,33.09914129586261,0.23529411764705882,0.7647058823529411
HUN,Hungary,2014,1.272,0.583,0.421,0.019,0,0,38.362,0.015,0.004,38.362,1.272,0.019,0.015,0.004,0.04952817892706323,3.3157812418539176,1.4937106918238994,33.09748427672956,0.2105263157894737,0.7894736842105263
HUN,Hungary,2015,1.251,0.575,0.388,0.021,0,0,38.666,0.018,0.003,38.666,1.251,0.021,0.018,0.003,0.05431128122898671,3.235400610355351,1.6786570743405278,31.015187849720228,0.14285714285714285,0.857142857142857
HUN,Hungary,2016,1.083,0.581,0.166,0.023,0,0,39.038,0.019,0.004,39.038,1.083,0.023,0.019,0.004,0.05891695271274144,2.7742199907782163,2.123730378578024,15.327793167128348,0.17391304347826086,0.8260869565217391
HUN,Hungary,2017,1.041,0.555,0.131,0.024,0,0,37.818,0.021,0.003,37.818,1.041,0.024,0.021,0.003,0.06346184356655561,2.7526574646993494,2.3054755043227666,12.584053794428435,0.125,0.875
HUN,Hungary,2018,0.963,0.505,0.098,0.02,0,0,36.79,0.017,0.003,36.79,0.963,0.02,0.017,0.003,0.05436259853220984,2.617559119325904,2.0768431983385254,10.176531671858775,0.15,0.8500000000000001
HUN,Hungary,2019,0.937,0.464,0.094,0.024,0,0,36.306,0.02,0.004,36.306,0.937,0.024,0.02,0.004,0.06610477607007106,2.5808406324023583,2.5613660618996796,10.032017075773746,0.16666666666666666,0.8333333333333334
HUN,Hungary,2020,1.047,0.464,0.223,0.02,0,0,35.969,0.017,0.003,35.969,1.047,0.02,0.017,0.003,0.05560343629236287,2.910839889905196,1.9102196752626552,21.29894937917861,0.15,0.8500000000000001
HUN,Hungary,2021,0.874,0.427,0.095,0.017,0,0,33.777,0.013,0.003,33.777,0.874,0.017,0.013,0.003,0.0503301062853421,2.5875595819640584,1.9450800915331807,10.869565217391305,0.1764705882352941,0.7647058823529411
HUN,Hungary,2022,0.807,0.361,0.101,0.017,0,0,35.149,0.014,0.003,35.149,0.807,0.017,0.014,0.003,0.04836552960254915,2.295940140544539,2.1065675340768277,12.51548946716233,0.1764705882352941,0.8235294117647058
IRL,Ireland,1990,1.504,0.824,0,0.128,0,0,32.389,0.118,0.009,32.389,1.504,0.128,0.118,0.009,0.3951958998425391,4.643551823149834,8.51063829787234,0,0.0703125,0.9218749999999999
IRL,Ireland,1991,1.506,0.827,0,0.16,0,0,32.956,0.155,0.005,32.956,1.506,0.16,0.155,0.005,0.4854958125986163,4.5697293360844755,10.624169986719787,0,0.03125,0.96875
IRL,Ireland,1992,1.449,0.836,0,0.1,0,0,33.297,0.089,0.011,33.297,1.449,0.1,0.089,0.011,0.3003273568189327,4.351743400306334,6.901311249137336,0,0.10999999999999999,0.8899999999999999
IRL,Ireland,1993,1.375,0.805,0,0.143,0,0,33.296,0.138,0.005,33.296,1.375,0.143,0.138,0.005,0.4294810187409899,4.129625180201827,10.4,0,0.03496503496503497,0.9650349650349652
IRL,Ireland,1994,1.52,0.829,0,0.155,0,0,34.366,0.146,0.009,34.366,1.52,0.155,0.146,0.009,0.451027178024792,4.422976197404411,10.197368421052632,0,0.058064516129032254,0.9419354838709677
IRL,Ireland,1995,1.421,0.773,0,0.138,0,0,31.772,0.133,0.006,31.772,1.421,0.138,0.133,0.006,0.43434470603046715,4.472491501951404,9.711470795214638,0,0.043478260869565216,0.9637681159420289
IRL,Ireland,1996,1.506,0.748,0,0.173,0,0,32.311,0.155,0.018,32.311,1.506,0.173,0.155,0.018,0.5354213735260438,4.66095137878741,11.487383798140769,0,0.10404624277456648,0.8959537572254336
IRL,Ireland,1997,1.52,0.664,0,0.161,0,0,31.356,0.153,0.009,31.356,1.52,0.161,0.153,0.009,0.5134583492792448,4.847557086363056,10.592105263157894,0,0.05590062111801242,0.9503105590062111
IRL,Ireland,1998,1.564,0.614,0,0.177,0,0,30.797,0.167,0.01,30.797,1.564,0.177,0.167,0.01,0.57473130499724,5.078416728902166,11.317135549872122,0,0.056497175141242945,0.9435028248587571
IRL,Ireland,1999,1.691,0.583,0,0.207,0,0,30.835,0.193,0.014,30.835,1.691,0.207,0.193,0.014,0.6713150640505918,5.484027890384303,12.24127735068007,0,0.0676328502415459,0.9323671497584541
IRL,Ireland,2000,1.753,0.541,0,0.207,0,0,30.751,0.193,0.014,30.751,1.753,0.207,0.193,0.014,0.6731488406881077,5.700627621865955,11.808328579577866,0,0.0676328502415459,0.9323671497584541
IRL,Ireland,2001,1.679,0.539,0,0.139,0,0,28.654,0.127,0.011,28.654,1.679,0.139,0.127,0.011,0.485098066587562,5.859565854679976,8.278737343656939,0,0.07913669064748201,0.9136690647482014
IRL,Ireland,2002,1.499,0.549,0,0.112,0,0,27.872,0.102,0.01,27.872,1.499,0.112,0.102,0.01,0.4018369690011481,5.378157290470724,7.471647765176784,0,0.08928571428571429,0.9107142857142856
IRL,Ireland,2003,1.865,0.575,0,0.147,0,0,28.526,0.129,0.018,28.526,1.865,0.147,0.129,0.018,0.5153193577788684,6.53789525345299,7.882037533512063,0,0.12244897959183673,0.8775510204081634
IRL,Ireland,2004,2.013,0.561,0,0.122,0,0,29.575,0.113,0.009,29.575,2.013,0.122,0.113,0.009,0.4125105663567202,6.806424344885883,6.0606060606060606,0,0.07377049180327869,0.9262295081967213
IRL,Ireland,2005,2.209,0.599,0,0.15,0,0,30.042,0.121,0.028,30.042,2.209,0.15,0.121,0.028,0.49930097862991807,7.353039078623261,6.790402897238569,0,0.18666666666666668,0.8066666666666666
IRL,Ireland,2006,2.696,0.57,0,0.171,0,0,31.426,0.153,0.017,31.426,2.696,0.171,0.153,0.017,0.5441354292623942,8.57888372685038,6.342729970326409,0,0.09941520467836257,0.894736842105263
IRL,Ireland,2007,2.43,0.626,0,0.206,0,0,30.847,0.171,0.035,30.847,2.43,0.206,0.171,0.035,0.667812104904853,7.877589392809674,8.477366255144032,0,0.16990291262135926,0.8300970873786409
IRL,Ireland,2008,1.779,0.681,0,0.186,0,0,29.093,0.161,0.025,29.093,1.779,0.186,0.161,0.025,0.6393290482246589,6.1148729935035915,10.45531197301855,0,0.13440860215053765,0.8655913978494624
IRL,Ireland,2009,1.452,0.78,0,0.152,0,0,28.067,0.124,0.028,28.067,1.452,0.152,0.124,0.028,0.5415612641180034,5.173335233548295,10.46831955922865,0,0.1842105263157895,0.8157894736842105
IRL,Ireland,2010,1.427,0.79,0,0.14,0,0,27.71,0.115,0.026,27.71,1.427,0.14,0.115,0.026,0.5052327679538073,5.14976542764345,9.810791871058164,0,0.1857142857142857,0.8214285714285714
IRL,Ireland,2011,1.641,0.774,0.265,0.14,0,0,27.553,0.124,0.016,27.553,1.641,0.14,0.124,0.016,0.5081116393859109,5.9557942873734255,8.531383302864109,16.148689823278488,0.11428571428571428,0.8857142857142857
IRL,Ireland,2012,1.738,0.836,0.273,0.159,0,0,27.913,0.145,0.015,27.913,1.738,0.159,0.145,0.015,0.569627055493856,6.226489449360513,9.148446490218642,15.70771001150748,0.09433962264150943,0.9119496855345911
IRL,Ireland,2013,1.982,0.941,0.293,0.152,0,0,28.09,0.141,0.011,28.09,1.982,0.152,0.141,0.011,0.5411178355286579,7.055891776432895,7.669021190716448,14.783047426841572,0.07236842105263158,0.9276315789473684
IRL,Ireland,2014,2.112,0.944,0.37,0.179,0,0,27.899,0.166,0.012,27.899,2.112,0.179,0.166,0.012,0.6416000573497257,7.570163805154307,8.475378787878787,17.51893939393939,0.0670391061452514,0.9273743016759778
IRL,Ireland,2015,1.438,0.684,0.062,0.147,0,0,22.344,0.134,0.013,22.344,1.438,0.147,0.134,0.013,0.6578947368421052,6.435732187611887,10.222531293463142,4.3115438108484,0.08843537414965986,0.9115646258503403
IRL,Ireland,2016,1.391,0.658,0,0.149,0,0,23.032,0.136,0.012,23.032,1.391,0.149,0.136,0.012,0.6469260159777701,6.039423410906565,10.711718188353702,0,0.08053691275167786,0.9127516778523491
IRL,Ireland,2017,1.249,0.602,0,0.145,0,0,21.741,0.135,0.01,21.741,1.249,0.145,0.135,0.01,0.6669426429327078,5.7449059380893255,11.609287429943953,0,0.06896551724137932,0.9310344827586208
IRL,Ireland,2018,1.289,0.573,0,0.155,0,0,21.758,0.14,0.015,21.758,1.289,0.155,0.14,0.015,0.7123816527254343,5.924257744277966,12.024825446082236,0,0.0967741935483871,0.903225806451613
IRL,Ireland,2019,1.219,0.531,0,0.146,0,0,21.444,0.128,0.018,21.444,1.219,0.146,0.128,0.018,0.68084312628241,5.684573773549712,11.977030352748152,0,0.1232876712328767,0.87671232876712335
IRL,Ireland,2020,0.965,0.318,0,0.132,0,0,19.37,0.131,0.001,19.37,0.965,0.132,0.131,0.001,0.6814661848218895,4.981930820856995,13.67875647668394,0,0.007575757575757576,0.9924242424242424
IRL,Ireland,2021,1.078,0.371,0,0.13,0,0,20.041,0.128,0.001,20.041,1.078,0.13,0.128,0.001,0.6486702260366249,5.378973105134475,12.059369202226344,0,0.007692307692307692,0.9846153846153846
IRL,Ireland,2022,0.962,0.394,0,0.118,0,0,20.255,0.117,0.001,20.255,0.962,0.118,0.117,0.001,0.5825722043939768,4.749444581584794,12.266112266112266,0,0.00847457627118644,0.9915254237288137
ISL,Iceland,1990,2.57,1.096,0.637,0.062,0,0,30.484,0.062,0,30.484,2.57,0.062,0.062,0,0.20338538249573546,8.430652145387743,2.4124513618677046,24.785992217898833,0,1
ISL,Iceland,1991,2.717,1.161,0.728,0.08,0,0,30.838,0.08,0,30.838,2.717,0.08,0.08,0,0.25942019586224785,8.810558401971594,2.9444239970555763,26.794258373205743,0,1
ISL,Iceland,1992,2.861,1.184,0.768,0.068,0,0,31.666,0.068,0,31.666,2.861,0.068,0.068,0,0.2147413629760627,9.034927051095814,2.376791331702202,26.843760922754278,0,1
ISL,Iceland,1993,2.926,1.236,0.814,0.069,0,0,30.599,0.069,0,30.599,2.926,0.069,0.069,0,0.22549756527991113,9.562404000130725,2.3581681476418317,27.819548872180448,0,1
ISL,Iceland,1994,2.84,1.241,0.688,0.091,0,0,30.147,0.091,0,30.147,2.84,0.091,0.091,0,0.301854247520483,9.420506186353535,3.204225352112676,24.225352112676056,0,1
ISL,Iceland,1995,2.793,1.241,0.692,0.084,0,0,30.725,0.084,0,30.725,2.793,0.084,0.084,0,0.27339300244100895,9.090317331163547,3.0075187969924815,24.776226279985675,0,1
ISL,Iceland,1996,2.64,1.16,0.676,0.093,0,0,31.886,0.093,0,31.886,2.64,0.093,0.093,0,0.29166405318948757,8.279495703443517,3.5227272727272725,25.606060606060606,0,1
ISL,Iceland,1997,2.556,1.075,0.683,0.089,0,0,31.588,0.089,0,31.588,2.556,0.089,0.089,0,0.2817525642649107,8.091680384956312,3.4820031298904532,26.721439749608766,0,1
ISL,Iceland,1998,2.145,1.293,0.63,0.087,0.017,0.12,33.628,0.087,0,33.628,2.145,0.087,0.087,0,0.25871297728083736,6.378613060544784,4.055944055944056,29.37062937062937,0,1
ISL,Iceland,1999,2.155,1.315,0.63,0.092,0.015,0.103,35.922,0.092,0,35.922,2.155,0.092,0.092,0,0.2561104615555927,5.999109181003285,4.269141531322506,29.23433874709977,0,1
ISL,Iceland,2000,2.373,1.424,0.729,0.108,0.016,0.096,35.877,0.108,0,35.877,2.373,0.108,0.108,0,0.3010285140898068,6.61426540680659,4.5512010113780015,30.72060682680151,0,1
ISL,Iceland,2001,2.289,1.355,0.731,0.084,0.018,0.101,34.064,0.084,0,34.064,2.289,0.084,0.084,0,0.24659464537341474,6.719704086425553,3.669724770642202,31.935342944517252,0,1
ISL,Iceland,2002,2.102,1.183,0.693,0.09,0.024,0.113,33.769,0.09,0,33.769,2.102,0.09,0.09,0,0.26651662767627116,6.224643904172466,4.281636536631779,32.9686013320647,0,1
ISL,Iceland,2003,1.811,1.25,0.332,0.084,0.021,0.123,35.267,0.084,0,35.267,1.811,0.084,0.084,0,0.2381830039413616,5.135112144497688,4.638321369409167,18.332413031474324,0,1
ISL,Iceland,2004,1.767,1.243,0.35,0.092,0.026,0.055,36.328,0.092,0,36.328,1.767,0.092,0.092,0,0.2532481832195551,4.864016736401673,5.206564799094511,19.807583474816074,0,1
ISL,Iceland,2005,1.714,1.312,0.272,0.082,0.023,0.025,39.318,0.082,0,39.318,1.714,0.082,0.082,0,0.20855587771504147,4.359326517116843,4.784130688448076,15.869311551925321,0,1
ISL,Iceland,2006,1.506,1.375,0.004,0.078,0.024,0.025,39.614,0.078,0,39.614,1.506,0.078,0.078,0,0.19690008582824253,3.801686272529914,5.179282868525896,0.26560424966799473,0,1
ISL,Iceland,2007,1.661,1.483,-0.001,0.12,0.033,0.026,38.413,0.12,0,38.413,1.661,0.12,0.12,0,0.3123942415328145,4.324056959883373,7.224563515954244,-0.060204695966285374,0,1
ISL,Iceland,2008,1.734,1.628,-0.001,0.073,0.029,0.004,34.264,0.073,0,34.264,1.734,0.073,0.073,0,0.21305159934625262,5.0607051132383845,4.2099192618223755,-0.05767012687427912,0,1
ISL,Iceland,2009,1.837,1.7,0.001,0.101,0.019,0.016,31.276,0.101,0,31.276,1.837,0.101,0.101,0,0.32293132114081086,5.8735132369868275,5.498094719651606,0.05443658138268917,0,1
ISL,Iceland,2010,2.107,1.698,0.229,0.155,0.009,0.016,32.218,0.155,0,32.218,2.107,0.155,0.155,0,0.4810975231237196,6.539822459494693,7.356430944470811,10.868533459895586,0,1
ISL,Iceland,2011,2.062,1.606,0.358,0.073,0.01,0.015,33.197,0.073,0,33.197,2.062,0.073,0.073,0,0.2198993884989607,6.211404644998042,3.5402521823472357,17.361784675072744,0,1
ISL,Iceland,2012,2.219,1.579,0.509,0.104,0.012,0.015,33.951,0.104,0,33.951,2.219,0.104,0.104,0,0.30632381962239696,6.535889959058642,4.686795853988284,22.93826047769266,0,1
ISL,Iceland,2013,2.158,1.556,0.451,0.124,0.012,0.015,34.319,0.124,0,34.319,2.158,0.124,0.124,0,0.3613158891576095,6.28806200646872,5.746061167747915,20.898980537534754,0,1
ISL,Iceland,2014,2.212,1.55,0.515,0.12,0.011,0.015,37.111,0.12,0,37.111,2.212,0.12,0.12,0,0.3233542615397052,5.960496887715234,5.4249547920433985,23.282097649186255,0,1
ISL,Iceland,2015,1.695,1.509,0.028,0.126,0.016,0.015,35.139,0.126,0,35.139,1.695,0.126,0.126,0,0.35857594126184583,4.823700162212925,7.433628318584071,1.6519174041297935,0,1
ISL,Iceland,2016,17.026,1.539,0.014,0.148,15.31,0.015,50.286,0.148,0,50.286,17.026,0.148,0.148,0,0.29431650956528654,33.85833035039574,0.8692587806883589,0.08222718195700693,0,1
ISL,Iceland,2017,1.869,1.641,0.013,0.162,0.02,0.033,37.13,0.162,0,37.13,1.869,0.162,0.162,0,0.4363048747643415,5.0336654995960135,8.667736757624398,0.6955591225254146,0,1
ISL,Iceland,2018,1.823,1.635,0.004,0.165,0.017,0.002,36.457,0.165,0,36.457,1.823,0.165,0.165,0,0.45258798036042464,5.000411443618509,9.051014810751509,0.21941854086670326,0,1
ISL,Iceland,2019,1.929,1.736,0,0.154,0.021,0.018,35.094,0.154,0,35.094,1.929,0.154,0.154,0,0.4388214509602781,5.496666096768679,7.983411093831,0,0,1
ISL,Iceland,2020,2.264,1.913,0.001,0.309,0.021,0.019,36.225,0.309,0,36.225,2.264,0.309,0.309,0,0.8530020703933747,6.249827467218771,13.648409893992932,0.044169611307420496,0,1
ISL,Iceland,2021,2.068,1.777,0,0.256,0.016,0.019,34.797,0.256,0,34.797,2.068,0.256,0.256,0,0.7356956059430412,5.94304106675863,12.379110251450678,0,0,1
ISL,Iceland,2022,1.962,1.608,0,0.313,0.021,0.02,35.166,0.313,0,35.166,1.962,0.313,0.313,0,0.8900642666211683,5.579252687254735,15.953109072375128,0,0,1
ISR,Israel,1995,3.613,2.007,0,0,0.962,0,33.929,,,33.929,3.613,0,,,0,10.64870759527248,0,0,,
ISR,Israel,1996,3.489,2.056,0,0,0.811,0,33.506,,,33.506,3.489,0,,,0,10.413060347400465,0,0,,
ISR,Israel,1997,3.312,2.135,0,0,0.672,0,34.198,,,34.198,3.312,0,,,0,9.684776887537282,0,0,,
ISR,Israel,1998,3.248,2.121,0,0,0.666,0,33.256,,,33.256,3.248,0,,,0,9.766658648063506,0,0,,
ISR,Israel,1999,3.279,2.172,0,0,0.609,0,33.185,,,33.185,3.279,0,,,0,9.88097031791472,0,0,,
ISR,Israel,2000,3.231,2.032,0,0,0.628,0,34.009,,,34.009,3.231,0,,,0,9.500426357728836,0,0,,
ISR,Israel,2001,2.971,1.98,0,0,0.515,0,33.759,,,33.759,2.971,0,,,0,8.800616131994431,0,0,,
ISR,Israel,2002,2.915,2.023,0,0,0.454,0,32.943,,,32.943,2.915,0,,,0,8.848617308684698,0,0,,
ISR,Israel,2003,2.871,2.05,0,0,0.411,0,32.231,,,32.231,2.871,0,,,0,8.907573454128013,0,0,,
ISR,Israel,2004,3.184,2.132,0,0,0.52,0,32.298,,,32.298,3.184,0,,,0,9.858195553904267,0,0,,
ISR,Israel,2005,3.322,2.159,0,0,0.621,0,32.684,,,32.684,3.322,0,,,0,10.163994615102192,0,0,,
ISR,Israel,2006,3.184,2.095,0,0,0.624,0,33.275,,,33.275,3.184,0,,,0,9.568745304282496,0,0,,
ISR,Israel,2007,3.301,2.129,0,0,0.703,0,33.216,,,33.216,3.301,0,,,0,9.937981695568402,0,0,,
ISR,Israel,2008,3.263,2.123,0,0,0.739,0,31.323,,,31.323,3.263,0,,,0,10.417265268333173,0,0,,
ISR,Israel,2009,3.132,2.142,0,0,0.637,0,29.124,,,29.124,3.132,0,,,0,10.754017305315205,0,0,,
ISR,Israel,2010,3.351,2.094,0,0,0.802,0,30.092,,,30.092,3.351,0,,,0,11.135850059816562,0,0,,
ISR,Israel,2011,3.389,2.08,0,0,0.876,0,30.309,,,30.309,3.389,0,,,0,11.181497245042724,0,0,,
ISR,Israel,2012,3.106,2.042,0,0,0.697,0,29.469,,,29.469,3.106,0,,,0,10.539889375275713,0,0,,
ISR,Israel,2013,3.168,1.995,0,0,0.753,0,30.329,,,30.329,3.168,0,,,0,10.445448250849022,0,0,,
ISR,Israel,2014,3.202,1.991,0,0,0.769,0,30.642,,,30.642,3.202,0,,,0,10.449709548985053,0,0,,
ISR,Israel,2015,3.443,2.009,0,0,0.863,0,31.035,,,31.035,3.443,0,,,0,11.093926212340905,0,0,,
ISR,Israel,2016,3.338,1.968,0,0,0.837,0,30.998,,,30.998,3.338,0,,,0,10.768436673333763,0,0,,
ISR,Israel,2017,3.351,1.954,0,0,0.883,0,32.196,,,32.196,3.351,0,,,0,10.408125232948192,0,0,,
ISR,Israel,2018,3.306,1.935,0,0,0.88,0,30.761,,,30.761,3.306,0,,,0,10.747374922791847,0,0,,
ISR,Israel,2019,3.204,1.897,0,0,0.823,0,30.125,,,30.125,3.204,0,,,0,10.635684647302906,0,0,,
ISR,Israel,2020,3.061,1.742,0,0,0.833,0,29.581,,,29.581,3.061,0,,,0,10.34785842263615,0,0,,
ISR,Israel,2021,3.898,1.823,0,0,1.279,0,32.305,,,32.305,3.898,0,,,0,12.06624361553939,0,0,,
ISR,Israel,2022,4.026,1.778,0,0,1.434,0,32.78,,,32.78,4.026,0,,,0,12.281879194630871,0,0,,
ITA,Italy,1990,0.818,0,0,0.052,0,0,36.271,,,36.271,0.818,0.052,,,0.14336522290535136,2.2552452372418736,6.356968215158925,0,,
ITA,Italy,1991,0.911,0,0,0.049,0,0,36.665,,,36.665,0.911,0.049,,,0.13364243829264968,2.484658393563344,5.378704720087816,0,,
ITA,Italy,1992,1.363,0,0,0.054,0.426,0,38.921,,,38.921,1.363,0.054,,,0.13874258112587035,3.5019655198992834,3.9618488628026407,0,,
ITA,Italy,1993,2.191,0.853,0.34,0.051,0.023,0,40.505,,,40.505,2.191,0.051,,,0.1259103814343908,5.40920873966177,2.327704244637152,15.518028297581015,,
ITA,Italy,1994,2.096,0.784,0.358,0.071,0,0,38.581,,,38.581,2.096,0.071,,,0.18402840776548038,5.432725953189394,3.3874045801526713,17.080152671755723,,
ITA,Italy,1995,2.172,0.754,0.455,0.059,0,0,38.455,,,38.455,2.172,0.059,,,0.1534260824340138,5.64816018723183,2.7163904235727436,20.948434622467772,,
ITA,Italy,1996,2.154,0.748,0.394,0.067,0,0,40.154,,,40.154,2.154,0.067,,,0.16685759824675,5.364347263037306,3.110492107706593,18.29155060352832,,
ITA,Italy,1997,2.106,0.789,0.317,0.067,0,0,41.574,,,41.574,2.106,0.067,,,0.16115841631789102,5.065666041275797,3.181386514719849,15.052231718898387,,
ITA,Italy,1998,1.916,0.771,0.189,0.072,0,0,39.92,,,39.92,1.916,0.072,,,0.18036072144288576,4.799599198396793,3.7578288100208765,9.864300626304802,,
ITA,Italy,1999,1.859,0.747,0.046,0.087,0,0,40.793,,,40.793,1.859,0.087,,,0.21327188488221016,4.5571544137474564,4.679935449166218,2.474448628294782,,
ITA,Italy,2000,1.882,0.753,0.001,0.081,0.008,0.046,40.523,,,40.523,1.882,0.081,,,0.19988648421883867,4.644276090121659,4.303931987247609,0.05313496280552604,,
ITA,Italy,2001,1.769,0.744,0.001,0.074,0.007,0.06,40.135,,,40.135,1.769,0.074,,,0.18437772517752585,4.407624268095179,4.183154324477106,0.05652911249293387,,
ITA,Italy,2002,2.041,0.787,0.001,0.051,0.169,0.083,39.619,,,39.619,2.041,0.051,,,0.12872611625735125,5.151568691789293,2.4987751102400786,0.04899559039686428,,
ITA,Italy,2003,3.107,0.791,0,0.024,1.261,0.101,39.953,,,39.953,3.107,0.024,,,0.06007058293494855,7.776637549120216,0.7724493080141616,0,,
ITA,Italy,2004,2.407,0.795,0,0.01,0.535,0.085,39.225,,,39.225,2.407,0.01,,,0.025493945188017845,6.136392606755895,0.4154549231408392,0,,
ITA,Italy,2005,1.955,0.786,0,0.004,0.121,0.06,39.047,,,39.047,1.955,0.004,,,0.01024406484493047,5.006786692959767,0.20460358056265981,0,,
ITA,Italy,2006,2.036,0.779,0,0.003,0.011,0.092,40.464,,,40.464,2.036,0.003,,,0.00741399762752076,5.031633056544089,0.14734774066797643,0,,
ITA,Italy,2007,2.022,0.791,0,0.009,0.009,0.081,41.564,,,41.564,2.022,0.009,,,0.0216533538639207,4.86478683476085,0.44510385756676557,0,,
ITA,Italy,2008,1.786,0.591,0,0.024,0.006,0.094,41.596,,,41.596,1.786,0.024,,,0.05769785556303492,4.293682084815848,1.3437849944008957,0,,
ITA,Italy,2009,2.599,0.6,0.417,0.029,0.331,0.122,41.97,,,41.97,2.599,0.029,,,0.06909697402906838,6.192518465570647,1.115813774528665,16.044632550981145,,
ITA,Italy,2010,2.013,0.6,0.131,0.03,0.057,0.118,41.701,,,41.701,2.013,0.03,,,0.07194072084602288,4.827222368768134,1.4903129657228018,6.507699950322901,,
ITA,Italy,2011,2.189,0.597,0.31,0.031,0.082,0.15,41.637,,,41.637,2.189,0.031,,,0.07445301054350698,5.2573432283786055,1.4161717679305619,14.16171767930562,,
ITA,Italy,2012,2.687,1.474,0.048,0.036,0.009,0.176,43.617,,,43.617,2.687,0.036,,,0.08253662562762226,6.160442029483916,1.339784145887607,1.786378861183476,,
ITA,Italy,2013,2.721,1.286,0.158,0.039,0.061,0.117,43.828,,,43.828,2.721,0.039,,,0.0889842110066624,6.208359952541754,1.4332965821389194,5.806688717383315,,
ITA,Italy,2014,2.88,1.549,0.051,0.038,0.008,0.127,43.325,,,43.325,2.88,0.038,,,0.08770917484131563,6.647432198499711,1.3194444444444444,1.7708333333333333,,
ITA,Italy,2015,2.795,1.544,0.014,0.041,0.019,0.135,42.958,,,42.958,2.795,0.041,,,0.09544205968620514,6.506355044462032,1.4669051878354205,0.5008944543828265,,
ITA,Italy,2016,2.765,1.286,0.023,0.043,0.249,0.123,42.242,,,42.242,2.765,0.043,,,0.10179442261256569,6.545618105203353,1.555153707052441,0.8318264014466545,,
ITA,Italy,2017,2.503,1.26,0.02,0.047,0.067,0.09,41.912,,,41.912,2.503,0.047,,,0.11213972132086278,5.972036648215308,1.8777467039552538,0.7990411506192568,,
ITA,Italy,2018,2.489,1.239,0.018,0.046,0.025,0.097,41.731,,,41.731,2.489,0.046,,,0.11022980518080085,5.9643909803263755,1.8481317798312575,0.7231820008035356,,
ITA,Italy,2019,2.407,1.225,0.013,0.044,0.013,0.066,42.272,,,42.272,2.407,0.044,,,0.10408781226343677,5.694076457229372,1.8280016618196924,0.540091400083091,,
ITA,Italy,2020,2.434,1.28,0.026,0.024,0.007,0.058,42.582,,,42.582,2.434,0.024,,,0.056361843032267156,5.716030247522427,0.9860312243221034,1.0682004930156122,,
ITA,Italy,2021,2.473,1.229,0.032,0.047,0.009,0.081,42.461,,,42.461,2.473,0.047,,,0.11068980947222158,5.824168060102211,1.900525677315002,1.293974929235746,,
ITA,Italy,2022,2.453,1.155,0.023,0.054,0.01,0.13,42.837,,,42.837,2.453,0.054,,,0.12605924784648784,5.7263580549524935,2.2013860578883,0.9376273950264982,,
JPN,Japan,1990,2.602,1.502,0,0.406,0,0,27.69,,,27.69,2.602,0.406,,,1.4662332972192127,9.396894185626579,15.603382013835512,0,,
JPN,Japan,1991,2.652,1.558,0,0.521,0,0,27.356,,,27.356,2.652,0.521,,,1.90451820441585,9.694399766047667,19.64555052790347,0,,
JPN,Japan,1992,2.833,1.778,0,0.543,0,0,25.858,,,25.858,2.833,0.543,,,2.099930389047877,10.955990409157708,19.166960818919872,0,,
JPN,Japan,1993,3.003,1.884,0,0.582,0,0,25.844,,,25.844,3.003,0.582,,,2.251973378733942,11.619718309859154,19.38061938061938,0,,
JPN,Japan,1994,2.998,1.921,0,0.522,0,0,25.001,,,25.001,2.998,0.522,,,2.087916483340666,11.991520339186433,17.411607738492325,0,,
JPN,Japan,1995,3.087,1.955,0,0.512,0,0,25.401,,,25.401,3.087,0.512,,,2.0156686744616357,12.153064839966932,16.58568189180434,0,,
JPN,Japan,1996,2.989,1.944,0,0.449,0,0,25.343,,,25.343,2.989,0.449,,,1.7716923805390048,11.794183798287495,15.021746403479424,0,,
JPN,Japan,1997,2.89,1.919,0,0.445,0,0,25.736,,,25.736,2.89,0.445,,,1.729095430525334,11.229406279142058,15.397923875432525,0,,
JPN,Japan,1998,2.785,1.971,0,0.358,0,0,25.259,,,25.259,2.785,0.358,,,1.4173166000237538,11.025772991804901,12.854578096947932,0,,
JPN,Japan,1999,2.788,2.029,0,0.356,0,0,24.802,,,24.802,2.788,0.356,,,1.4353681154745583,11.241028949278284,12.769010043041607,0,,
JPN,Japan,2000,2.659,1.937,0,0.332,0,0,25.341,,,25.341,2.659,0.332,,,1.3101298291306578,10.492877155597647,12.48589695374201,0,,
JPN,Japan,2001,2.684,1.994,0,0.317,0,0,25.534,,,25.534,2.684,0.317,,,1.2414819456411061,10.51147489621681,11.810730253353203,0,,
JPN,Japan,2002,2.643,2.005,0,0.278,0,0,24.504,,,24.504,2.643,0.278,,,1.1345086516487104,10.785994123408422,10.518350359440031,0,,
JPN,Japan,2003,2.493,1.906,0,0.274,0,0,24.136,,,24.136,2.493,0.274,,,1.1352336758369241,10.328969174676832,10.990774167669477,0,,
JPN,Japan,2004,2.474,1.901,0,0.273,0,0,24.76,,,24.76,2.474,0.273,,,1.102584814216478,9.991922455573505,11.034761519805981,0,,
JPN,Japan,2005,2.495,1.894,0,0.293,0,0,25.827,,,25.827,2.495,0.293,,,1.1344716769272465,9.660432880319046,11.743486973947896,0,,
JPN,Japan,2006,2.418,1.818,0,0.283,0,0,26.618,,,26.618,2.418,0.283,,,1.0631903223382673,9.084078443158766,11.703887510339122,0,,
JPN,Japan,2007,2.44,1.848,0,0.279,0,0,27.159,,,27.159,2.44,0.279,,,1.0272837733348064,8.984130490813358,11.434426229508198,0,,
JPN,Japan,2008,2.54,1.961,0,0.282,0,0,27.049,,,27.049,2.54,0.282,,,1.0425524048948205,9.390365632740583,11.10236220472441,0,,
JPN,Japan,2009,2.604,2.036,0,0.271,0,0,25.686,,,25.686,2.604,0.271,,,1.055049443276493,10.137818266760103,10.407066052227343,0,,
JPN,Japan,2010,2.551,2.025,0,0.248,0,0,26.241,,,26.241,2.551,0.248,,,0.9450859342250676,9.721428299226401,9.721677773422186,0,,
JPN,Japan,2011,2.62,2.047,0,0.295,0,0,27.132,,,27.132,2.62,0.295,,,1.0872770160695857,9.656494176618015,11.259541984732824,0,,
JPN,Japan,2012,2.546,1.962,0,0.301,0,0,27.952,,,27.952,2.546,0.301,,,1.076846021751574,9.10847166571265,11.822466614296937,0,,
JPN,Japan,2013,2.524,1.928,0,0.307,0,0,28.557,,,28.557,2.524,0.307,,,1.075042896662815,8.838463424029134,12.163232963549921,0,,
JPN,Japan,2014,2.542,1.914,0,0.36,0,0,29.973,,,29.973,2.542,0.36,,,1.201080972875588,8.480966202915956,14.162077104642016,0,,
JPN,Japan,2015,2.478,1.85,0,0.364,0,0,30.242,,,30.242,2.478,0.364,,,1.2036240989352556,8.193902519674626,14.689265536723163,0,,
JPN,Japan,2016,2.528,1.866,0,0.391,0,0,30.279,,,30.279,2.528,0.391,,,1.2913240199478186,8.349020773473365,15.466772151898734,0,,
JPN,Japan,2017,2.532,1.858,0,0.412,0,0,30.916,,,30.916,2.532,0.412,,,1.3326432914995472,8.189934014749644,16.27172195892575,0,,
JPN,Japan,2018,2.551,1.866,0,0.419,0,0,31.548,,,31.548,2.551,0.419,,,1.3281349055407632,8.086091035881832,16.424931399451197,0,,
JPN,Japan,2019,2.575,1.906,0,0.413,0,0,31.507,,,31.507,2.575,0.413,,,1.3108198178182624,8.172786999714349,16.03883495145631,0,,
JPN,Japan,2020,2.659,1.989,0,0.43,0,0,32.909,,,32.909,2.659,0.43,,,1.306633443738795,8.079856574189431,16.171493042497183,0,,
JPN,Japan,2021,2.664,1.92,0,0.499,0,0,33.883,,,33.883,2.664,0.499,,,1.4727149307912522,7.862349850957708,18.73123123123123,0,,
JPN,Japan,2022,2.711,1.942,0,0.522,0,0,34.441,,,34.441,2.711,0.522,,,1.515635434511193,7.871432304520774,19.254887495389156,0,,
KOR,Korea,1990,2.188,0.489,0,0.176,0.048,0,18.579,0.042,0.134,18.579,2.188,0.176,0.042,0.134,0.9473060982830076,11.776737176381937,8.043875685557586,0,0.7613636363636365,0.23863636363636367
KOR,Korea,1991,2.305,0.587,0,0.135,0.027,0,18.264,0.043,0.091,18.264,2.305,0.135,0.043,0.091,0.7391590013140605,12.620455540954886,5.856832971800434,0,0.674074074074074,0.3185185185185185
KOR,Korea,1992,2.313,0.621,0,0.156,0.025,0,18.162,0.063,0.093,18.162,2.313,0.156,0.063,0.093,0.8589362405021475,12.73538156590684,6.744487678339818,0,0.5961538461538461,0.40384615384615385
KOR,Korea,1993,2.587,0.713,0,0.212,0.031,0,18.467,0.11,0.102,18.467,2.587,0.212,0.11,0.102,1.1479937185249363,14.008772404830239,8.194820255121762,0,0.4811320754716981,0.5188679245283019
KOR,Korea,1994,2.676,0.634,0,0.244,0.023,0,18.57,0.141,0.103,18.57,2.676,0.244,0.141,0.103,1.3139472267097467,14.410339256865914,9.118086696562031,0,0.4221311475409836,0.5778688524590163
KOR,Korea,1995,2.618,0.627,0,0.236,0.02,0,18.766,0.139,0.097,18.766,2.618,0.236,0.139,0.097,1.2575935201960993,13.950762016412662,9.014514896867839,0,0.4110169491525424,0.5889830508474577
KOR,Korea,1996,2.498,0.588,0,0.197,0.044,0,19.359,0.115,0.082,19.359,2.498,0.197,0.115,0.082,1.017614546205899,12.903559068133685,7.8863090472377895,0,0.41624365482233505,0.583756345177665
KOR,Korea,1997,2.415,0.551,0,0.214,0.031,0,18.988,0.112,0.103,18.988,2.415,0.214,0.112,0.103,1.127027596376659,12.718559089951547,8.86128364389234,0,0.48130841121495327,0.5233644859813085
KOR,Korea,1998,2.061,0.564,0,0.127,0.085,0,18.954,0.058,0.069,18.954,2.061,0.127,0.058,0.069,0.6700432626358552,10.87369420702754,6.16205725376031,0,0.5433070866141733,0.4566929133858268
KOR,Korea,1999,2.631,0.537,0,0.152,0.172,0,19.234,0.081,0.071,19.234,2.631,0.152,0.081,0.071,0.7902672351045024,13.678901944473326,5.777270999619917,0,0.4671052631578947,0.5328947368421053
KOR,Korea,2000,2.585,0.519,0,0.152,0.082,0,20.916,0.069,0.083,20.916,2.585,0.152,0.069,0.083,0.7267163893669918,12.358959648116274,5.880077369439071,0,0.5460526315789475,0.45394736842105265
KOR,Korea,2001,2.421,0.496,0,0.134,0.025,0,21.201,0.061,0.073,21.201,2.421,0.134,0.061,0.073,0.6320456582236688,11.419272675817178,5.53490293267245,0,0.544776119402985,0.4552238805970149
KOR,Korea,2002,2.71,0.469,0,0.109,0,0,21.312,0.051,0.058,21.312,2.71,0.109,0.051,0.058,0.511448948948949,12.715840840840839,4.022140221402214,0,0.5321100917431193,0.4678899082568807
KOR,Korea,2003,2.59,0.491,0,0.157,0,0,21.991,0.058,0.099,21.991,2.59,0.157,0.058,0.099,0.7139284252648811,11.777545359465236,6.061776061776062,0,0.6305732484076434,0.3694267515923567
KOR,Korea,2004,2.382,0.544,0,0.188,-0.002,0,21.177,0.065,0.123,21.177,2.382,0.188,0.065,0.123,0.8877555838881807,11.248052132030033,7.892527287993283,0,0.6542553191489362,0.34574468085106386
KOR,Korea,2005,2.579,0.525,0,0.196,0,0,21.656,0.073,0.122,21.656,2.579,0.196,0.073,0.122,0.9050609530845956,11.908939785740674,7.599844901124467,0,0.6224489795918366,0.3724489795918367
KOR,Korea,2006,2.984,0.692,0,0.238,0.004,0,22.632,0.086,0.151,22.632,2.984,0.238,0.086,0.151,1.0516083421703781,13.184870979144572,7.975871313672922,0,0.634453781512605,0.36134453781512604
KOR,Korea,2007,3.038,0.844,0,0.261,0,0,23.73,0.097,0.164,23.73,3.038,0.261,0.097,0.164,1.099873577749684,12.802359882005899,8.591178406846609,0,0.6283524904214559,0.37164750957854403
KOR,Korea,2008,2.813,0.854,0,0.241,0,0,23.583,0.102,0.138,23.583,2.813,0.241,0.102,0.138,1.0219225713437645,11.928083789170167,8.567365801635264,0,0.5726141078838175,0.42323651452282157
KOR,Korea,2009,2.638,0.735,0,0.202,0,0,22.703,0.101,0.1,22.703,2.638,0.202,0.101,0.1,0.8897502532704931,11.619609743205743,7.657316148597423,0,0.49504950495049505,0.5
KOR,Korea,2010,2.534,0.701,0,0.233,0,0,22.378,0.091,0.142,22.378,2.534,0.233,0.091,0.142,1.041201179730092,11.32362141388864,9.19494869771113,0,0.6094420600858368,0.39055793991416304
KOR,Korea,2011,2.632,0.704,0,0.24,0,0,23.177,0.091,0.149,23.177,2.632,0.24,0.091,0.149,1.0355093411571819,11.356085774690426,9.118541033434651,0,0.6208333333333333,0.37916666666666665
KOR,Korea,2012,2.515,0.716,0,0.279,0,0,23.702,0.119,0.16,23.702,2.515,0.279,0.119,0.16,1.1771158552020928,10.610918909796641,11.093439363817097,0,0.5734767025089605,0.42652329749103934
KOR,Korea,2013,2.388,0.72,0,0.286,0,0,23.143,0.106,0.18,23.143,2.388,0.286,0.106,0.18,1.2357948407725876,10.318454824352935,11.976549413735343,0,0.6293706293706294,0.3706293706293706
KOR,Korea,2014,2.579,0.746,0,0.296,0,0,23.381,0.109,0.187,23.381,2.579,0.296,0.109,0.187,1.265985201659467,11.03032376716137,11.477316789453274,0,0.6317567567567568,0.36824324324324326
KOR,Korea,2015,2.933,0.753,0,0.304,0,0,23.737,0.117,0.187,23.737,2.933,0.304,0.117,0.187,1.2807010152925813,12.356237098201122,10.364814183429935,0,0.6151315789473685,0.38486842105263164
KOR,Korea,2016,2.862,0.752,0,0.307,0,0,24.745,0.115,0.193,24.745,2.862,0.307,0.115,0.193,1.2406546777126692,11.565972923822994,10.726764500349406,0,0.6286644951140066,0.3745928338762215
KOR,Korea,2017,2.964,0.78,0,0.37,0,0,25.357,0.128,0.242,25.357,2.964,0.37,0.128,0.242,1.4591631502149307,11.689079938478526,12.483130904183536,0,0.654054054054054,0.34594594594594597
KOR,Korea,2018,3.098,0.821,0,0.388,0,0,26.686,0.149,0.238,26.686,3.098,0.388,0.149,0.238,1.453945889230308,11.60908341452447,12.524209167204651,0,0.61340206185567,0.384020618556701
KOR,Korea,2019,3.104,0.922,0,0.433,0,0,27.227,0.164,0.269,27.227,3.104,0.433,0.164,0.269,1.5903331252065964,11.400448084621882,13.949742268041238,0,0.6212471131639723,0.37875288683602776
KOR,Korea,2020,3.942,1.033,0,0.535,0,0,27.745,0.201,0.333,27.745,3.942,0.535,0.201,0.333,1.9282753649306181,14.207965399171021,13.571790969051243,0,0.6224299065420561,0.37570093457943926
KOR,Korea,2021,4.483,1.177,0,0.721,0,0,29.761,0.334,0.388,29.761,4.483,0.721,0.334,0.388,2.422633648062901,15.063337925472933,16.08298014722284,0,0.5381414701803051,0.463245492371706
KOR,Korea,2022,3.796,1.226,0,0.675,0,0,31.976,0.352,0.323,31.976,3.796,0.675,0.352,0.323,2.110958218663998,11.871403552664498,17.78187565858799,0,0.4785185185185185,0.5214814814814814
LTU,Lithuania,1995,0.322,0.322,0,0,0,0,27.652,,,27.652,0.322,0,,,0,1.164472732532909,0,0,,
LTU,Lithuania,1996,0.362,0.362,0,0,0,0,27.264,,,27.264,0.362,0,,,0,1.3277582159624413,0,0,,
LTU,Lithuania,1997,0.405,0.405,0,0,0,0,31.248,0,0,31.248,0.405,0,0,0,0,1.2960829493087558,0,0,,
LTU,Lithuania,1998,0.411,0.41,0,0.002,0,0,32.761,0.002,0,32.761,0.411,0.002,0.002,0,0.006104819755196727,1.2545404596929275,0.48661800486618007,0,0,1
LTU,Lithuania,1999,0.454,0.449,0,0.005,0,0,32.662,0.005,0,32.662,0.454,0.005,0.005,0,0.015308309350315352,1.389994489008634,1.1013215859030838,0,0,1
LTU,Lithuania,2000,0.461,0.457,0,0.004,0,0,30.822,0.004,0,30.822,0.461,0.004,0.004,0,0.012977743170462658,1.4956849003958212,0.8676789587852495,0,0,1
LTU,Lithuania,2001,0.484,0.48,0,0.005,0,0,29.357,0.005,0,29.357,0.484,0.005,0.005,0,0.017031713049698537,1.6486698232108183,1.0330578512396695,0,0,1
LTU,Lithuania,2002,0.484,0.48,0,0.004,0,0,29.028,0.004,0,29.028,0.484,0.004,0.004,0,0.013779798814937303,1.6673556566074135,0.8264462809917356,0,0,1
LTU,Lithuania,2003,0.43,0.428,0,0.002,0,0,28.663,0.002,0,28.663,0.43,0.002,0.002,0,0.006977636674458361,1.5001918850085476,0.46511627906976744,0,0,1
LTU,Lithuania,2004,0.394,0.391,0,0.003,0,0,29.025,0.003,0,29.025,0.394,0.003,0.003,0,0.0103359173126615,1.3574504737295436,0.7614213197969543,0,0,1
LTU,Lithuania,2005,0.344,0.341,0,0.003,0,0,29.234,0.003,0,29.234,0.344,0.003,0.003,0,0.010262023671067934,1.1767120476157897,0.8720930232558142,0,0,1
LTU,Lithuania,2006,0.329,0.324,0,0.005,0,0,30.165,0.005,0,30.165,0.329,0.005,0.005,0,0.01657550140891762,1.0906679927067795,1.5197568389057752,0,0,1
LTU,Lithuania,2007,0.288,0.281,0,0.006,0,0,30.061,0.006,0,30.061,0.288,0.006,0.006,0,0.019959415854429327,0.9580519610126076,2.0833333333333335,0,0,1
LTU,Lithuania,2008,0.273,0.267,0,0.005,0,0,30.611,0.005,0,30.611,0.273,0.005,0.005,0,0.016333997582568358,0.8918362680082325,1.8315018315018312,0,0,1
LTU,Lithuania,2009,0.351,0.345,0,0.007,0,0,30.214,0.007,0,30.214,0.351,0.007,0.007,0,0.023168067783146888,1.1617131131263652,1.9943019943019946,0,0,1
LTU,Lithuania,2010,0.366,0.363,0,0.004,0,0,28.285,0.004,0,28.285,0.366,0.004,0.004,0,0.01414177125684992,1.2939720700017678,1.092896174863388,0,0,1
LTU,Lithuania,2011,0.31,0.306,0,0.003,0,0,27.166,0.003,0,27.166,0.31,0.003,0.003,0,0.011043215784436428,1.1411322977250977,0.967741935483871,0,0,1
LTU,Lithuania,2012,0.284,0.28,0,0.004,0,0,26.919,0.004,0,26.919,0.284,0.004,0.004,0,0.014859392993796204,1.0550169025595304,1.4084507042253522,0,0,1
LTU,Lithuania,2013,0.276,0.273,0,0.004,0,0,26.905,0.004,0,26.905,0.276,0.004,0.004,0,0.01486712506968965,1.0258316298085859,1.4492753623188404,0,0,1
LTU,Lithuania,2014,0.296,0.293,0,0.004,0,0,27.477,0.004,0,27.477,0.296,0.004,0.004,0,0.014557630017833096,1.077264621319649,1.3513513513513513,0,0,1
LTU,Lithuania,2015,0.338,0.335,0,0.004,0,0,28.942,0.004,0,28.942,0.338,0.004,0.004,0,0.013820744938152166,1.1678529472738581,1.183431952662722,0,0,1
LTU,Lithuania,2016,0.328,0.324,0,0.004,0,0,29.656,0.004,0,29.656,0.328,0.004,0.004,0,0.01348799568384138,1.1060156460749933,1.2195121951219512,0,0,1
LTU,Lithuania,2017,0.305,0.301,0,0.004,0,0,29.61,0.004,0,29.61,0.305,0.004,0.004,0,0.013508949679162446,1.0300574130361364,1.3114754098360655,0,0,1
LTU,Lithuania,2018,0.301,0.297,0,0.004,0,0,30.238,0.004,0,30.238,0.301,0.004,0.004,0,0.013228388120907467,0.995436206098287,1.3289036544850499,0,0,1
LTU,Lithuania,2019,0.304,0.3,0,0.004,0,0,30.217,0.004,0,30.217,0.304,0.004,0.004,0,0.013237581493861072,1.0060561935334416,1.3157894736842106,0,0,1
LTU,Lithuania,2020,0.301,0.297,0,0.004,0,0,31.244,0.004,0,31.244,0.301,0.004,0.004,0,0.012802458071949815,0.9633849699142235,1.3289036544850499,0,0,1
LTU,Lithuania,2021,0.294,0.29,0,0.005,0,0,31.895,0.005,0,31.895,0.294,0.005,0.005,0,0.01567643831321524,0.921774572817056,1.7006802721088436,0,0,1
LTU,Lithuania,2022,0.288,0.283,0,0.005,0,0,31.555,0.005,0,31.555,0.288,0.005,0.005,0,0.01584534938995405,0.9126921248613532,1.7361111111111112,0,0,1
LUX,Luxembourg,1990,2.921,0.136,1.623,0.106,0,0,34.679,0.106,0,34.679,2.921,0.106,0.106,0,0.30566048617318836,8.422964906715878,3.628894214310168,55.56316330023965,0,1
LUX,Luxembourg,1991,2.515,0.13,1.379,0.11,0,0,32.504,0.11,0,32.504,2.515,0.11,0.11,0,0.33841988678316515,7.737509229633277,4.3737574552683895,54.83101391650099,0,1
LUX,Luxembourg,1992,2.683,0.121,1.484,0.108,0,0,33.376,0.108,0,33.376,2.683,0.108,0.108,0,0.32358581016299137,8.038710450623203,4.025344763324637,55.31121878494223,0,1
LUX,Luxembourg,1993,2.835,0.12,1.848,0.088,0,0,35.43,0.088,0,35.43,2.835,0.088,0.088,0,0.24837708156929153,8.001693480101608,3.1040564373897706,65.18518518518519,0,1
LUX,Luxembourg,1994,2.754,0.116,1.917,0.095,0,0,35.831,0.095,0,35.831,2.754,0.095,0.095,0,0.2651335435795819,7.686081884401775,3.449527959331881,69.6078431372549,0,1
LUX,Luxembourg,1995,2.573,0.114,1.758,0.101,0,0,35.992,0.101,0,35.992,2.573,0.101,0.101,0,0.28061791509224276,7.148810846854857,3.92537893509522,68.32491255343956,0,1
LUX,Luxembourg,1996,2.796,0.114,1.977,0.106,0,0,36.459,0.106,0,36.459,2.796,0.106,0.106,0,0.29073754079925396,7.66888834032749,3.7911301859799713,70.70815450643778,0,1
LUX,Luxembourg,1997,2.953,0.11,2.04,0.122,0,0,36.705,0.122,0,36.705,2.953,0.122,0.122,0,0.33237978477046726,8.045225446124507,4.1313918049441245,69.08228919742635,0,1
LUX,Luxembourg,1998,3.267,0.112,2.265,0.093,0,0,37.382,0.093,0,37.382,3.267,0.093,0.093,0,0.24878283665935477,8.739500294259269,2.846648301193756,69.32966023875116,0,1
LUX,Luxembourg,1999,3.653,0.098,2.549,0.142,0,0,36.717,0.142,0,36.717,3.653,0.142,0.142,0,0.38674183620666175,9.949069913119263,3.8872159868601144,69.77826444018615,0,1
LUX,Luxembourg,2000,3.957,0.091,2.754,0.1,0,0,37.025,0.1,0,37.025,3.957,0.1,0.1,0,0.2700877785280216,10.687373396353815,2.5271670457417237,69.59818043972706,0,1
LUX,Luxembourg,2001,3.627,0.091,2.578,0.099,0,0,37.229,0.099,0,37.229,3.627,0.099,0.099,0,0.26592172768540656,9.742405114292621,2.7295285359801493,71.0780259167356,0,1
LUX,Luxembourg,2002,3.015,0.087,2.166,0.13,0,0,37.415,0.13,0,37.415,3.015,0.13,0.13,0,0.347454229587064,8.058265401576909,4.311774461028192,71.8407960199005,0,1
LUX,Luxembourg,2003,2.797,0.085,1.972,0.182,0,0,37.395,0.182,0,37.395,2.797,0.182,0.182,0,0.4866960823639524,7.479609573472389,6.506971755452269,70.50411154808724,0,1
LUX,Luxembourg,2004,2.827,0.086,1.974,0.144,0,0,36.235,0.144,0,36.235,2.827,0.144,0.144,0,0.3974058230992134,7.801849040982475,5.093738945879023,69.82667138309162,0,1
LUX,Luxembourg,2005,3.18,0.084,2.304,0.145,0,0,37.436,0.145,0,37.436,3.18,0.145,0.145,0,0.3873277059514905,8.49449727534993,4.559748427672956,72.45283018867924,0,1
LUX,Luxembourg,2006,3.298,0.075,2.343,0.139,0,0,35.305,0.139,0,35.305,3.298,0.139,0.139,0,0.3937119388188642,9.341453051975641,4.214675560946028,71.043056397816855,0,1
LUX,Luxembourg,2007,3.438,0.072,2.331,0.124,0,0,35.747,0.124,0,35.747,3.438,0.124,0.124,0,0.3468822558536381,9.617590287296837,3.60674810936591,67.80104712041884,0,1
LUX,Luxembourg,2008,2.585,0.069,1.812,0.133,0,0,35.028,0.133,0,35.028,2.585,0.133,0.133,0,0.37969624300559557,7.379810437364394,5.145067698259187,70.09671179883946,0,1
LUX,Luxembourg,2009,2.397,0.074,1.833,0.134,0,0,36.275,0.134,0,36.275,2.397,0.134,0.134,0,0.36940041350792563,6.607856650585803,5.590321234876931,76.47058823529413,0,1
LUX,Luxembourg,2010,2.505,0.069,1.959,0.118,0,0,35.652,0.118,0,35.652,2.505,0.118,0.118,0,0.3309772242791428,7.026253786603837,4.710578842315369,78.20359281437126,0,1
LUX,Luxembourg,2011,2.506,0.069,1.935,0.098,0,0,36.126,0.098,0,36.126,2.506,0.098,0.098,0,0.2712727675358468,6.936832198416652,3.9106145251396653,77.2146847565842,0,1
LUX,Luxembourg,2012,2.56,0.071,1.93,0.153,0,0,36.408,0.153,0,36.408,2.56,0.153,0.153,0,0.42023731048121293,7.031421665568007,5.9765625,75.390625,0,1
LUX,Luxembourg,2013,2.64,0.067,1.995,0.146,0,0,36.183,0.146,0,36.183,2.64,0.146,0.146,0,0.4035044081474725,7.2962440925296415,5.530303030303029,75.56818181818183,0,1
LUX,Luxembourg,2014,2.81,0.066,2.08,0.142,0,0,36.08,0.142,0,36.08,2.81,0.142,0.142,0,0.39356984478935697,7.788248337028825,5.053380782918149,74.02135231316727,0,1
LUX,Luxembourg,2015,3.167,0.066,2.433,0.137,0,0,34.777,0.137,0,34.777,3.167,0.137,0.137,0,0.3939385225867671,9.106593438191908,4.325860435743607,76.82349226397221,0,1
LUX,Luxembourg,2016,3.334,0.065,2.525,0.153,0,0,35.461,0.153,0,35.461,3.334,0.153,0.153,0,0.43145991370801723,9.401878119624376,4.589082183563288,75.73485302939412,0,1
LUX,Luxembourg,2017,3.551,0.065,2.601,0.19,0,0,36.649,0.19,0,36.649,3.551,0.19,0.19,0,0.5184316079565608,9.689213893967095,5.350605463249789,73.24697268375105,0,1
LUX,Luxembourg,2018,3.85,0.063,2.815,0.151,0,0,39.355,0.151,0,39.355,3.85,0.151,0.151,0,0.3836869521026553,9.782746792021344,3.922077922077922,73.11688311688312,0,1
LUX,Luxembourg,2019,3.869,0.061,2.953,0.183,0,0,39.509,0.183,0,39.509,3.869,0.183,0.183,0,0.4631856032802652,9.792705459515554,4.72990436805376,76.32463168777461,0,1
LUX,Luxembourg,2020,3.817,0.06,2.87,0.131,0,0,38.272,0.131,0,38.272,3.817,0.131,0.131,0,0.3422867892976589,9.973348662207359,3.4320146712077544,75.18993974325386,0,1
LUX,Luxembourg,2021,4.024,0.057,2.943,0.163,0,0,38.187,0.163,0,38.187,4.024,0.163,0.163,0,0.4268468326917537,10.537617513813602,4.0506958250497025,73.1361829025845,0,1
LUX,Luxembourg,2022,3.693,0.057,2.71,0.188,0,0,38.257,0.188,0,38.257,3.693,0.188,0.188,0,0.49141333612149407,9.653135373918499,5.090712158137016,73.38207419442188,0,1
LVA,Latvia,1995,1.004,0.902,0,0,0,0,29.715,,,29.715,1.004,0,,,0,3.378764933535251,0,0,,
LVA,Latvia,1996,1.07,0.945,0,0,0,0,29.167,,,29.167,1.07,0,,,0,3.668529502519971,0,0,,
LVA,Latvia,1997,1.135,1.028,0,0,0,0,30.251,,,30.251,1.135,0,,,0,3.7519420845591878,0,0,,
LVA,Latvia,1998,1.274,1.129,0,0,0,0,31.26,,,31.26,1.274,0,,,0,4.075495841330774,0,0,,
LVA,Latvia,1999,1,0.876,0,0,0,0,30.252,,,30.252,1,0,,,0,3.3055665741108027,0,0,,
LVA,Latvia,2000,1.1,0.916,0,0,0,0,29.05,,,29.05,1.1,0,,,0,3.7865748709122204,0,0,,
LVA,Latvia,2001,1.062,0.878,0,0,0,0,28.121,,,28.121,1.062,0,,,0,3.7765371074997334,0,0,,
LVA,Latvia,2002,0.986,0.79,0,0,0,0,27.815,,,27.815,0.986,0,,,0,3.5448499011324826,0,0,,
LVA,Latvia,2003,1.024,0.771,0,0,0,0,27.411,0,0,27.411,1.024,0,0,0,0,3.735726533143628,0,0,,
LVA,Latvia,2004,1.021,0.728,0,0.001,0,0,27.548,0.001,0,27.548,1.021,0.001,0.001,0,0.003630027588209671,3.7062581675620736,0.0979431929480901,0,0,1
LVA,Latvia,2005,0.99,0.641,0,0.001,0,0,27.805,0.001,0,27.805,0.99,0.001,0.001,0,0.0035964754540550262,3.5605106995144755,0.10101010101010101,0,0,1
LVA,Latvia,2006,0.987,0.549,0,0.001,0,0,28.577,0.001,0,28.577,0.987,0.001,0.001,0,0.003499317633061553,3.4538265038317526,0.10131712259371835,0,0,1
LVA,Latvia,2007,0.86,0.465,0,0.015,0,0,28.195,0.015,0,28.195,0.86,0.015,0.015,0,0.05320092214931725,3.0501862032275224,1.744186046511628,0,0,1
LVA,Latvia,2008,0.631,0.41,0,0.018,0,0,27.815,0.018,0,27.815,0.631,0.018,0.018,0,0.0647132841991731,2.2685601294265685,2.8526148969889062,0,0,1
LVA,Latvia,2009,0.702,0.547,0,0.022,0,0,28.067,0.022,0,28.067,0.702,0.022,0.022,0,0.07838386717497417,2.5011579434923576,3.133903133903134,0,0,1
LVA,Latvia,2010,0.868,0.705,0,0.019,0,0,28.54,0.019,0,28.54,0.868,0.019,0.019,0,0.06657323055360898,3.041345480028031,2.1889400921658986,0,0,1
LVA,Latvia,2011,0.999,0.793,0,0.019,0,0,29.134,0.019,0,29.134,0.999,0.019,0.019,0,0.06521589894968079,3.4289833184595317,1.9019019019019017,0,0,1
LVA,Latvia,2012,0.964,0.762,0,0.019,0,0,29.111,0.019,0,29.111,0.964,0.019,0.019,0,0.06526742468482703,3.311463020851224,1.970954356846473,0,0,1
LVA,Latvia,2013,0.971,0.759,0,0.021,0,0,29.43,0.021,0,29.43,0.971,0.021,0.021,0,0.07135575942915394,3.299354400271831,2.1627188465499487,0,0,1
LVA,Latvia,2014,1.046,0.809,0,0.025,0.004,0,29.715,0.025,0,29.715,1.046,0.025,0.025,0,0.084132592966515235,3.5201076897189973,2.390057361376673,0,0,1
LVA,Latvia,2015,1.013,0.802,0,0.029,0.013,0,29.79,0.029,0,29.79,1.013,0.029,0.029,0,0.09734810339039947,3.400469956361195,2.8627838104639687,0,0,1
LVA,Latvia,2016,1.069,0.867,0,0.032,0.011,0,30.73,0.032,0,30.73,1.069,0.032,0.032,0,0.10413276928083305,3.4786853237878295,2.9934518241347052,0,0,1
LVA,Latvia,2017,1.039,0.846,0,0.033,0.008,0,31.091,0.033,0,31.091,1.039,0.033,0.033,0,0.1061400405261973,3.3418030941429993,3.1761308950914344,0,0,1
LVA,Latvia,2018,0.955,0.765,0,0.036,0.01,0,31.052,0.036,0,31.052,0.955,0.036,0.036,0,0.11593456138090942,3.0754862810769032,3.769633507853403,0,0,1
LVA,Latvia,2019,0.94,0.741,0,0.038,0.014,0,31.013,0.038,0,31.013,0.94,0.038,0.038,0,0.12252926192241963,3.0309870054493273,4.042553191489362,0,0,1
LVA,Latvia,2020,0.933,0.738,0,0.039,0.01,0,31.134,0.039,0,31.134,0.933,0.039,0.039,0,0.12526498361919444,2.9967238388899595,4.180064308681672,0,0,1
LVA,Latvia,2021,0.889,0.678,0,0.044,0.016,0,30.746,0.044,0,30.746,0.889,0.044,0.044,0,0.14310804657516424,2.891433031939114,4.949381327334082,0,0,1
LVA,Latvia,2022,0.767,0.601,0,0.035,0.01,0,30.762,0.035,0,30.762,0.767,0.035,0.035,0,0.11377673753332034,2.493335933944477,4.563233376792699,0,0,1
MEX,Mexico,1990,0.216,0.117,0,0.001,0,0,11.519,0.001,0,11.519,0.216,0.001,0.001,0,0.008681309141418526,1.8751627745464017,0.4629629629629629,0,0,1
MEX,Mexico,1991,0.265,0.147,0,0.001,0,0,11.677,0.001,0,11.677,0.265,0.001,0.001,0,0.00856384345294168,2.2694185150295456,0.37735849056603776,0,0,1
MEX,Mexico,1992,0.307,0.177,0,0.001,0,0,12.196,0.001,0,12.196,0.307,0.001,0.001,0,0.008199409642505739,2.517218760249262,0.32573289902280134,0,0,1
MEX,Mexico,1993,0.285,0.179,0,0,0,0,11.335,0,0,11.335,0.285,0,0,0,0,2.5143361270401408,0,0,,
MEX,Mexico,1994,0.272,0.186,0,0,0,0,11.442,0,0,11.442,0.272,0,0,0,0,2.377206782031114,0,0,,
MEX,Mexico,1995,0.231,0.166,0,0,0,0,9.575,0,0,9.575,0.231,0,0,0,0,2.4125326370757185,0,0,,
MEX,Mexico,1996,0.208,0.169,0,0,0,0,9.426,0,0,9.426,0.208,0,0,0,0,2.206662423085084,0,0,,
MEX,Mexico,1997,0.193,0.145,0,0,0,0,10.038,0,0,10.038,0.193,0,0,0,0,1.922693763697948,0,0,,
MEX,Mexico,1998,0.192,0.139,0,0,0,0,10.354,,,10.354,0.192,0,,,0,1.8543558045199926,0,0,,
MEX,Mexico,1999,0.191,0.139,0,0,0,0,11.152,,,11.152,0.191,0,,,0,1.712697274031564,0,0,,
MEX,Mexico,2000,0.199,0.142,0,0,0,0,10.934,,,10.934,0.199,0,,,0,1.8200109749405526,0,0,,
MEX,Mexico,2001,0.225,0.161,0,0,0,0,11.591,,,11.591,0.225,0,,,0,1.941161245794151,0,0,,
MEX,Mexico,2002,0.248,0.17,0,0,0,0,12.01,,,12.01,0.248,0,,,0,2.0649458784346377,0,0,,
MEX,Mexico,2003,0.249,0.173,0,0,0,0,12.071,,,12.071,0.249,0,,,0,2.0627951288211417,0,0,,
MEX,Mexico,2004,0.248,0.167,0,0,0,0,11.034,,,11.034,0.248,0,,,0,2.2475983324270437,0,0,,
MEX,Mexico,2005,0.268,0.166,0,0,0,0,10.865,,,10.865,0.268,0,,,0,2.4666359871145884,0,0,,
MEX,Mexico,2006,0.266,0.163,0,0,0,0,11.078,,,11.078,0.266,0,,,0,2.401155443220798,0,0,,
MEX,Mexico,2007,0.275,0.161,0,0,0,0,11.473,,,11.473,0.275,0,,,0,2.3969319271332696,0,0,,
MEX,Mexico,2008,0.277,0.165,0,0,0,0,12.04,,,12.04,0.277,0,,,0,2.300664451827243,0,0,,
MEX,Mexico,2009,0.278,0.179,0,0,0,0,11.894,,,11.894,0.278,0,,,0,2.3373129308895244,0,0,,
MEX,Mexico,2010,0.279,0.184,0,0,0,0,12.287,,,12.287,0.279,0,,,0,2.270692601937007,0,0,,
MEX,Mexico,2011,0.27,0.188,0,0,0,0,12.263,,,12.263,0.27,0,,,0,2.201745086846612,0,0,,
MEX,Mexico,2012,0.273,0.191,0,0,0,0,12.105,,,12.105,0.273,0,,,0,2.255266418835192,0,0,,
MEX,Mexico,2013,0.273,0.185,0,0,0,0,12.773,,,12.773,0.273,0,,,0,2.137320911297268,0,0,,
MEX,Mexico,2014,0.303,0.208,0,0,0,0,13.201,,,13.201,0.303,0,,,0,2.2952806605560183,0,0,,
MEX,Mexico,2015,0.3,0.197,0,0,0,0,15.36,,,15.36,0.3,0,,,0,1.953125,0,0,,
MEX,Mexico,2016,0.305,0.194,0,0,0,0,16.106,,,16.106,0.305,0,,,0,1.8937042096113248,0,0,,
MEX,Mexico,2017,0.301,0.198,0,0,0,0,15.651,,,15.651,0.301,0,,,0,1.923199795540221,0,0,,
MEX,Mexico,2018,0.319,0.205,0,0,0,0,15.709,,,15.709,0.319,0,,,0,2.030683047934305,0,0,,
MEX,Mexico,2019,0.315,0.201,0,0,0,0,15.892,,,15.892,0.315,0,,,0,1.9821293732695695,0,0,,
MEX,Mexico,2020,0.329,0.219,0,0,0,0,17.228,,,17.228,0.329,0,,,0,1.9096819131646157,0,0,,
MEX,Mexico,2021,0.339,0.211,0,0,0,0,16.726,,,16.726,0.339,0,,,0,2.0267846466578985,0,0,,
MEX,Mexico,2022,0.357,0.22,0,0,0,0,16.801,,,16.801,0.357,0,,,0,2.124873519433367,0,0,,
NLD,Netherlands,1990,1.449,0.649,0.21,0.198,0,0,39.639,0.179,0.019,39.639,1.449,0.198,0.179,0.019,0.4995080602436993,3.655490804510709,13.664596273291925,14.492753623188403,0.09595959595959595,0.904040404040404
NLD,Netherlands,1991,1.489,0.656,0.236,0.214,0,0,41.666,0.192,0.021,41.666,1.489,0.214,0.192,0.021,0.5136082177314838,3.5736571785148565,14.372061786433846,15.849563465413027,0.09813084112149534,0.897196261682243
NLD,Netherlands,1992,1.488,0.66,0.217,0.217,0,0,41.328,0.197,0.02,41.328,1.488,0.217,0.197,0.02,0.5250677506775068,3.600464576074332,14.583333333333334,14.583333333333334,0.09216589861751152,0.9078341013824885
NLD,Netherlands,1993,1.578,0.681,0.24,0.227,0,0,41.52,0.202,0.024,41.52,1.578,0.227,0.202,0.024,0.5467244701348748,3.800578034682081,14.38529784537389,15.209125475285171,0.10572687224669604,0.8898678414096917
NLD,Netherlands,1994,1.66,0.682,0.234,0.269,0,0,39.674,0.23,0.039,39.674,1.66,0.269,0.23,0.039,0.6780259111760851,4.184100418410042,16.204819277108435,14.096385542168676,0.1449814126394052,0.8550185873605948
NLD,Netherlands,1995,1.566,0.693,0.203,0.234,0,0,37.193,0.209,0.025,37.193,1.566,0.234,0.209,0.025,0.6291506466270536,4.210469712042589,14.942528735632186,12.962962962962962,0.10683760683760683,0.8931623931623931
NLD,Netherlands,1996,1.687,0.692,0.188,0.256,0,0,37.272,0.222,0.034,37.272,1.687,0.256,0.222,0.034,0.6868426701008801,4.526185876797596,15.174866627148784,11.144042679312388,0.1328125,0.8671875
NLD,Netherlands,1997,1.763,0.691,0.207,0.256,0,0,36.737,0.222,0.034,36.737,1.763,0.256,0.222,0.034,0.6968451424993874,4.798976508696954,14.52070334656835,11.741349971639252,0.1328125,0.8671875
NLD,Netherlands,1998,1.805,0.694,0.185,0.284,0,0,36.204,0.246,0.037,36.204,1.805,0.284,0.246,0.037,0.7844437078775826,4.98563694619379,15.734072022160664,10.249307479224377,0.13028169014084506,0.8661971830985916
NLD,Netherlands,1999,1.896,0.679,0.186,0.307,0,0,37.097,0.267,0.041,37.097,1.896,0.307,0.267,0.041,0.8275601800684691,5.110925411758363,16.191983122362867,9.810126582278482,0.13355048859934854,0.8697068403908795
NLD,Netherlands,2000,1.945,0.684,0.182,0.328,0,0,36.892,0.288,0.04,36.892,1.945,0.328,0.288,0.04,0.8890816437167949,5.2721457226498964,16.86375321336761,9.3573264781491,0.12195121951219512,0.8780487804878048
NLD,Netherlands,2001,1.794,0.69,0.019,0.271,0,0,35.534,0.233,0.037,35.534,1.794,0.271,0.233,0.037,0.7626498564754883,5.048685765745484,15.105908584169455,1.0590858416945372,0.13653136531365312,0.8597785977859779
NLD,Netherlands,2002,1.843,0.704,0.01,0.337,0,0,34.891,0.294,0.043,34.891,1.843,0.337,0.294,0.043,0.9658651228110403,5.282164455017053,18.285404232230064,0.5425935973955507,0.12759643916913946,0.8724035608308605
NLD,Netherlands,2003,1.759,0.748,0.007,0.284,0,0,34.663,0.25,0.033,34.663,1.759,0.284,0.25,0.033,0.819317427804864,5.074575195453365,16.145537237066517,0.3979533826037522,0.11619718309859156,0.8802816901408451
NLD,Netherlands,2004,1.824,0.775,0.008,0.284,0,0,34.659,0.255,0.03,34.659,1.824,0.284,0.255,0.03,0.8194119853429124,5.26270232839955,15.57017543859649,0.43859649122807015,0.10563380281690142,0.8978873239436621
NLD,Netherlands,2005,1.912,0.785,0.011,0.309,0,0,34.871,0.274,0.035,34.871,1.912,0.309,0.274,0.035,0.8861231395715636,5.483066158125663,16.161087866108787,0.5753138075313807,0.1132686084142395,0.8867313915857606
NLD,Netherlands,2006,1.674,0.57,-0.001,0.308,0,0,35.869,0.308,0,35.869,1.674,0.308,0.308,0,0.8586801973849284,4.666982631241462,18.39904420549582,-0.059737156511350066,0,1
NLD,Netherlands,2007,1.664,0.56,0.005,0.301,0,0,35.478,0.301,0,35.478,1.664,0.301,0.301,0,0.8484131010767235,4.690230565420824,18.088942307692307,0.3004807692307693,0,1
NLD,Netherlands,2008,1.519,0.566,0.003,0.276,0,0,35.72,0.276,0,35.72,1.519,0.276,0.276,0,0.7726763717805152,4.252519596864501,18.16984858459513,0.19749835418038184,0,1
NLD,Netherlands,2009,1.375,0.647,0.004,0.288,0,0,34.643,0.288,0,34.643,1.375,0.288,0.288,0,0.8313367779926679,3.9690557977080507,20.945454545454545,0.29090909090909095,0,1
NLD,Netherlands,2010,1.364,0.66,0.004,0.268,0,0,35.444,0.268,0,35.444,1.364,0.268,0.268,0,0.7561223338223677,3.8483241169168263,19.64809384164223,0.2932551319648094,0,1
NLD,Netherlands,2011,1.206,0.676,0.002,0.234,0,0,35.138,0.234,0,35.138,1.206,0.234,0.234,0,0.6659456998121692,3.4321816836473333,19.402985074626866,0.16583747927031509,0,1
NLD,Netherlands,2012,1.073,0.691,0,0.21,0,0,35.302,0.21,0,35.302,1.073,0.21,0.21,0,0.594867146337318,3.0394878477140104,19.571295433364398,0,0,1
NLD,Netherlands,2013,1.215,0.789,0,0.26,0,0,35.832,0.26,0,35.832,1.215,0.26,0.26,0,0.7256083947309667,3.3908238446081715,21.39917695473251,0,0,1
NLD,Netherlands,2014,1.416,0.96,0,0.225,0,0,36.661,0.225,0,36.661,1.416,0.225,0.225,0,0.6137312130056463,3.8624151005155336,15.889830508474578,0,0,1
NLD,Netherlands,2015,1.397,0.913,0,0.231,0,0,36.521,0.231,0,36.521,1.397,0.231,0.231,0,0.6325128008543031,3.825196462309356,16.535433070866144,0,0,1
NLD,Netherlands,2016,1.495,0.92,0,0.256,0,0,37.774,0.256,0,37.774,1.495,0.256,0.256,0,0.6777148303065601,3.9577487160480755,17.123745819397993,0,0,1
NLD,Netherlands,2017,1.53,0.921,0,0.245,0,0,38.046,0.245,0,38.046,1.53,0.245,0.245,0,0.643957314829417,4.021447721179625,16.013071895424837,0,0,1
NLD,Netherlands,2018,1.542,0.936,0,0.22,0,0,38.144,0.22,0,38.144,1.542,0.22,0.22,0,0.576761744966443,4.042575503355705,14.267185473411153,0,0,1
NLD,Netherlands,2019,1.468,0.89,0,0.214,0,0,38.473,0.214,0,38.473,1.468,0.214,0.214,0,0.5562342421958256,3.815662932446131,14.577656675749317,0,0,1
NLD,Netherlands,2020,1.659,0.969,0,0.255,0,0,39.022,0.255,0,39.022,1.659,0.255,0.255,0,0.6534775254984369,4.251447901183948,15.370705244122965,0,0,1
NLD,Netherlands,2021,1.583,0.874,0,0.28,0,0,38.264,0.28,0,38.264,1.583,0.28,0.28,0,0.7317583106836714,4.137047877900899,17.687934301958308,0,0,1
NLD,Netherlands,2022,1.487,0.761,0,0.263,0,0,38.066,0.263,0,38.066,1.487,0.263,0.263,0,0.6909052697945673,3.906373141386014,17.686617350369872,0,0,1
NOR,Norway,1990,1.185,0.296,0.683,0.059,0,0,40.447,0.059,0,40.447,1.185,0.059,0.059,0,0.14586990382475828,2.929759932751502,4.9789029535864975,57.63713080168776,0,1
NOR,Norway,1991,1.161,0.287,0.685,0.061,0,0,40.575,0.061,0,40.575,1.161,0.061,0.061,0,0.1503388786198398,2.8613678373382623,5.254091300602928,59.000861326442724,0,1
NOR,Norway,1992,1.147,0.319,0.651,0.077,0,0,39.743,0.077,0,39.743,1.147,0.077,0.077,0,0.1937448104068641,2.886042825151599,6.713164777680906,56.75675675675676,0,1
NOR,Norway,1993,1.045,0.314,0.539,0.077,0,0,38.866,0.077,0,38.866,1.045,0.077,0.077,0,0.19811660577368395,2.688725364071425,7.36842105263158,51.578947368421055,0,1
NOR,Norway,1994,1.091,0.311,0.578,0.072,0,0,40.164,0.072,0,40.164,1.091,0.072,0.072,0,0.179265013444876,2.7163629120605517,6.5994500458295136,52.978918423464705,0,1
NOR,Norway,1995,1.126,0.29,0.595,0.101,0,0,39.584,0.101,0,39.584,1.126,0.101,0.101,0,0.2551535974130962,2.844583670169765,8.96980461811723,52.84191829484902,0,1
NOR,Norway,1996,1.119,0.288,0.583,0.098,0,0,39.503,0.098,0,39.503,1.119,0.098,0.098,0,0.24808242411968712,2.832696250917652,8.757819481680071,52.10008936550491,0,1
NOR,Norway,1997,1.086,0.249,0.574,0.091,0,0,40.298,0.091,0,40.298,1.086,0.091,0.091,0,0.22581765844458782,2.694922824954092,8.379373848987107,52.854511970534055,0,1
NOR,Norway,1998,0.99,0.231,0.486,0.101,0,0,41.41,0.101,0,41.41,0.99,0.101,0.101,0,0.2439024390243903,2.3907268775658053,10.202020202020202,49.09090909090909,0,1
NOR,Norway,1999,1.027,0.211,0.497,0.081,0,0,41.72,0.081,0,41.72,1.027,0.081,0.081,0,0.19415148609779484,2.4616490891658676,7.887049659201558,48.39337877312561,0,1
NOR,Norway,2000,0.912,0.181,0.466,0.084,0,0,41.796,0.084,0,41.796,0.912,0.084,0.084,0,0.20097616996841805,2.1820269882285386,9.210526315789474,51.09649122807017,0,1
NOR,Norway,2001,0.917,0.176,0.47,0.085,0,0,42.001,0.085,0,42.001,0.917,0.085,0.085,0,0.2023761339015738,2.183281350444037,9.269356597600872,51.25408942202835,0,1
NOR,Norway,2002,0.953,0.184,0.486,0.079,0,0,42.332,0.079,0,42.332,0.953,0.079,0.079,0,0.18662005102522913,2.2512520079372575,8.289611752360965,50.99685204616999,0,1
NOR,Norway,2003,0.988,0.198,0.495,0.094,0,0,41.632,0.094,0,41.632,0.988,0.094,0.094,0,0.2257878554957725,2.373174481168332,9.51417004048583,50.10121457489879,0,1
NOR,Norway,2004,0.992,0.197,0.482,0.093,0,0,42.363,0.093,0,42.363,0.992,0.093,0.093,0,0.2195311946745981,2.3416660765290467,9.375,48.58870967741936,0,1
NOR,Norway,2005,0.982,0.217,0.443,0.089,0,0,42.552,0.089,0,42.552,0.982,0.089,0.089,0,0.20915585636397818,2.3077646174092874,9.063136456211812,45.11201629327902,0,1
NOR,Norway,2006,0.953,0.22,0.419,0.093,0,0,42.686,0.093,0,42.686,0.953,0.093,0.093,0,0.21787002764372393,2.2325821112308484,9.75865687303253,43.96642182581322,0,1
NOR,Norway,2007,1.049,0.236,0.469,0.109,0,0,41.97,0.109,0,41.97,1.049,0.109,0.109,0,0.25970931617822257,2.499404336430784,10.390848427073404,44.70924690181125,0,1
NOR,Norway,2008,0.936,0.236,0.429,0.075,0,0,41.169,0.075,0,41.169,0.936,0.075,0.075,0,0.18217590905778622,2.273555345041172,8.012820512820513,45.83333333333333,0,1
NOR,Norway,2009,1.078,0.266,0.504,0.1,0,0,41.077,0.1,0,41.077,1.078,0.1,0.1,0,0.24344523699393822,2.624339654794654,9.276437847866418,46.75324675324675,0,1
NOR,Norway,2010,1.07,0.273,0.481,0.091,0,0,41.736,0.091,0,41.736,1.07,0.091,0.091,0,0.2180371861222925,2.5637339467126705,8.504672897196262,44.95327102803738,0,1
NOR,Norway,2011,1.036,0.269,0.466,0.062,0,0,41.811,0.062,0,41.811,1.036,0.062,0.062,0,0.14828633613164,2.4778168424577265,5.984555984555985,44.98069498069498,0,1
NOR,Norway,2012,1.032,0.269,0.459,0.063,0,0,41.29,0.063,0,41.29,1.032,0.063,0.063,0,0.15257931702591426,2.4993945265197386,6.104651162790697,44.47674418604651,0,1
NOR,Norway,2013,1.063,0.287,0.466,0.073,0,0,39.719,0.073,0,39.719,1.063,0.073,0.073,0,0.18379113270726855,2.67630101462776,6.867356538099717,43.83819379115711,0,1
NOR,Norway,2014,1.055,0.304,0.449,0.059,0,0,38.637,0.059,0,38.637,1.055,0.059,0.059,0,0.15270336723865724,2.7305432616403964,5.592417061611375,42.55924170616114,0,1
NOR,Norway,2015,1.057,0.357,0.422,0.009,0,0,38.337,0.009,0,38.337,1.057,0.009,0.009,0,0.02347601533766335,2.757127579101129,0.8514664143803216,39.92431409649953,0,1
NOR,Norway,2016,1.137,0.394,0.461,0.007,0,0,38.807,0.007,0,38.807,1.137,0.007,0.007,0,0.018037982838147754,2.9298837838534286,0.6156552330694811,40.545294635004396,0,1
NOR,Norway,2017,1.164,0.41,0.474,0.003,0,0,38.601,0.003,0,38.601,1.164,0.003,0.003,0,0.007771819382917541,3.015465920572006,0.2577319587628866,40.72164948453608,0,1
NOR,Norway,2018,1.114,0.397,0.447,0.002,0,0,39.253,0.002,0,39.253,1.114,0.002,0.002,0,0.005095151962907294,2.8379996433393626,0.1795332136445242,40.12567324955116,0,1
NOR,Norway,2019,1.171,0.41,0.473,0.001,0,0,39.854,0.001,0,39.854,1.171,0.001,0.001,0,0.0025091584282631607,2.938224519496161,0.08539709649871904,40.392826643894104,0,1
NOR,Norway,2020,1.27,0.428,0.512,0.002,0,0,38.714,0.002,0,38.714,1.27,0.002,0.002,0,0.005166089786640492,3.280467014516712,0.15748031496062992,40.31496062992126,0,1
NOR,Norway,2021,1.102,0.36,0.437,0.001,0,0,41.344,0.001,0,41.344,1.102,0.001,0.001,0,0.002418730650154799,2.6654411764705883,0.09074410163339383,39.655172413793096,0,1
NOR,Norway,2022,0.968,0.282,0.472,0.001,0,0,43.437,0.001,0,43.437,0.968,0.001,0.001,0,0.0023021847733499094,2.2285148606027123,0.10330578512396695,48.760330578512395,0,1
NZL,New Zealand,1990,2.476,2.268,0,0.105,0,0,36.184,0.097,0.008,36.184,2.476,0.105,0.097,0.008,0.29018350652221975,6.84280344903825,4.240710823909531,0,0.0761904761904762,0.9238095238095239
NZL,New Zealand,1991,2.202,1.957,0,0.103,0,0,34.348,0.095,0.008,34.348,2.202,0.103,0.095,0.008,0.29987189938278797,6.4108536159310585,4.677565849227975,0,0.07766990291262137,0.9223300970873787
NZL,New Zealand,1992,2.093,1.851,0,0.102,0,0,34.752,0.098,0.004,34.752,2.093,0.102,0.098,0.004,0.29350828729281764,6.022674953959484,4.8733874820831335,0,0.03921568627450981,0.9607843137254903
NZL,New Zealand,1993,1.934,1.753,0,0.014,0,0,34.869,0.013,0.001,34.869,1.934,0.014,0.013,0.001,0.04015027675012189,5.546473945338266,0.7238883143743536,0,0.07142857142857142,0.9285714285714285
NZL,New Zealand,1994,1.893,1.713,0,0,0,0,35.438,,,35.438,1.893,0,,,0,5.341723573565099,0,0,,
NZL,New Zealand,1995,1.91,1.686,0,0.003,0,0,35.56,0,0.003,35.56,1.91,0.003,0,0.003,0.00843644544431946,5.371203599550055,0.15706806282722513,0,1,0
NZL,New Zealand,1996,1.879,1.7,0,0,0,0,33.766,,,33.766,1.879,0,,,0,5.564769294556655,0,0,,
NZL,New Zealand,1997,1.828,1.651,0,0,0,0,33.893,,,33.893,1.828,0,,,0,5.393444073997581,0,0,,
NZL,New Zealand,1998,1.813,1.724,0,0.003,0,0,32.288,0,0.003,32.288,1.813,0.003,0,0.003,0.009291377601585729,5.615089197224975,0.16547159404302264,0,1,0
NZL,New Zealand,1999,1.886,1.834,0,0.002,0,0,32.324,0,0.002,32.324,1.886,0.002,0,0.002,0.006187353050365054,5.834673926494246,0.10604453870625664,0,1,0
NZL,New Zealand,2000,1.728,1.677,0,0.002,0,0,32.539,0,0.002,32.539,1.728,0.002,0,0.002,0.006146470389378899,5.310550416423369,0.11574074074074073,0,1,0
NZL,New Zealand,2001,1.67,1.623,0,0.001,0,0,31.956,0,0.001,31.956,1.67,0.001,0,0.001,0.00312930279133809,5.22593566153461,0.059880239520958084,0,1,0
NZL,New Zealand,2002,1.703,1.666,0,0.001,0,0,33.243,0,0.001,33.243,1.703,0.001,0,0.001,0.0030081520921697797,5.1228830129651355,0.05871990604815032,0,1,0
NZL,New Zealand,2003,1.7,1.66,0,0.001,0,0,33.167,0,0.001,33.167,1.7,0.001,0,0.001,0.00301504507492387,5.125576627370579,0.05882352941176471,0,1,0
NZL,New Zealand,2004,1.723,1.68,0,0.001,0,0,34.201,0,0.001,34.201,1.723,0.001,0,0.001,0.0029238911142949035,5.037864389930119,0.05803830528148578,0,1,0
NZL,New Zealand,2005,1.77,1.718,0,0.002,0,0,36.092,0,0.002,36.092,1.77,0.002,0,0.002,0.00554139421478444,4.904133880084229,0.11299435028248588,0,1,0
NZL,New Zealand,2006,1.828,1.774,0,0.001,0,0,35.298,0,0.001,35.298,1.828,0.001,0,0.001,0.0028330217009462292,5.178763669329707,0.05470459518599562,0,1,0
NZL,New Zealand,2007,1.809,1.759,0,0.002,0,0,33.915,0,0.002,33.915,1.809,0.002,0,0.002,0.005897095680377414,5.333923042901371,0.11055831951354339,0,1,0
NZL,New Zealand,2008,1.945,1.897,0,0.001,0,0,32.925,0,0.001,32.925,1.945,0.001,0,0.001,0.003037205770690965,5.907365223993926,0.051413881748071974,0,1,0
NZL,New Zealand,2009,1.96,1.917,0,0.001,0,0,30.227,0,0.001,30.227,1.96,0.001,0,0.001,0.003308300526019784,6.484269030998775,0.05102040816326531,0,1,0
NZL,New Zealand,2010,2.003,1.96,0,0.001,0,0,30.295,0,0.001,30.295,2.003,0.001,0,0.001,0.003300874731803928,6.611652087803267,0.049925112331502736,0,1,0
NZL,New Zealand,2011,1.999,1.958,0,0,0,0,30.083,,,30.083,1.999,0,,,0,6.644948974503874,0,0,,
NZL,New Zealand,2012,2.005,1.966,0,0,0,0,31.638,,,31.638,2.005,0,,,0,6.337315885959921,0,0,,
NZL,New Zealand,2013,1.935,1.895,0,0,0,0,30.457,,,30.457,1.935,0,,,0,6.353219292773418,0,0,,
NZL,New Zealand,2014,1.951,1.91,0,0,0,0,31.186,,,31.186,1.951,0,,,0,6.25601231321747,0,0,,
NZL,New Zealand,2015,1.95,1.918,0,0,0,0,31.5,,,31.5,1.95,0,,,0,6.19047619047619,0,0,,
NZL,New Zealand,2016,1.908,1.879,0,0,0,0,31.4,,,31.4,1.908,0,,,0,6.076433121019108,0,0,,
NZL,New Zealand,2017,1.872,1.836,0,0,0,0,31.322,,,31.322,1.872,0,,,0,5.976629844837495,0,0,,
NZL,New Zealand,2018,1.881,1.847,0,0,0,0,32.18,,,32.18,1.881,0,,,0,5.845245494095712,0,0,,
NZL,New Zealand,2019,1.935,1.903,0,0,0,0,31.404,,,31.404,1.935,0,,,0,6.161635460450898,0,0,,
NZL,New Zealand,2020,1.855,1.83,0,0,0,0,33.727,,,33.727,1.855,0,,,0,5.500044474753166,0,0,,
NZL,New Zealand,2021,1.918,1.891,0,0,0,0,34.542,,,34.542,1.918,0,,,0,5.552660529210816,0,0,,
NZL,New Zealand,2022,1.918,1.879,0,0,0,0,33.12,,,33.12,1.918,0,,,0,5.791062801932368,0,0,,
OECD_REP,OECD average country,1990,1.669,0.78,0.209,0.138,0.021,0.01,30.852,0.124,0.025,30.852,1.669,0.138,0.124,0.025,0.4472967716841696,5.409697912615066,8.268424206111444,12.522468544038345,0.18115942028985507,0.898550724637681
OECD_REP,OECD average country,1991,1.592,0.788,0.184,0.136,0.018,0.008,31.292,0.123,0.022,31.292,1.592,0.136,0.123,0.022,0.4346158762623034,5.087562316246965,8.542713567839195,11.557788944723617,0.16176470588235292,0.9044117647058822
OECD_REP,OECD average country,1992,1.636,0.81,0.196,0.134,0.034,0.008,31.602,0.119,0.026,31.602,1.636,0.134,0.119,0.026,0.4240237959622809,5.176887538763369,8.190709046454769,11.980440097799512,0.19402985074626863,0.8880597014925372
OECD_REP,OECD average country,1993,1.658,0.858,0.201,0.128,0.016,0.008,31.977,0.112,0.019,31.977,1.658,0.128,0.112,0.019,0.40028770678925474,5.184976702004565,7.7201447527141145,12.123039806996383,0.1484375,0.875
OECD_REP,OECD average country,1994,1.681,0.855,0.191,0.133,0.046,0.009,32.006,0.126,0.023,32.006,1.681,0.133,0.126,0.023,0.4155470849215772,5.2521402237080554,7.9119571683521714,11.362284354550862,0.17293233082706766,0.9473684210526315
OECD_REP,OECD average country,1995,1.55,0.824,0.172,0.109,0.043,0.007,32.127,0.109,0.015,32.127,1.55,0.109,0.109,0.015,0.3392784884987705,4.824602359386186,7.032258064516128,11.096774193548386,0.13761467889908258,1
OECD_REP,OECD average country,1996,1.586,0.845,0.179,0.111,0.035,0.007,32.338,0.123,0.017,32.338,1.586,0.111,0.123,0.017,0.34324942791762014,4.904446780876987,6.998738965952081,11.28625472887768,0.15315315315315317,1.1081081081081081
OECD_REP,OECD average country,1997,1.617,0.849,0.174,0.112,0.036,0.009,32.564,0.12,0.017,32.564,1.617,0.112,0.12,0.017,0.34393809114359414,4.965606190885641,6.926406926406926,10.760667903525045,0.1517857142857143,1.0714285714285714
OECD_REP,OECD average country,1998,1.623,0.859,0.173,0.113,0.034,0.014,32.705,0.123,0.016,32.705,1.623,0.113,0.123,0.016,0.34551291851398874,4.962543953523927,6.96241528034504,10.659272951324708,0.1415929203539823,1.0884955752212389
OECD_REP,OECD average country,1999,1.691,0.853,0.181,0.121,0.036,0.013,32.938,0.133,0.019,32.938,1.691,0.121,0.133,0.019,0.3673568522678972,5.133887910619952,7.155529272619751,10.703725606150206,0.15702479338842976,1.0991735537190084
OECD_REP,OECD average country,2000,1.687,0.833,0.186,0.121,0.033,0.013,32.911,0.132,0.02,32.911,1.687,0.121,0.132,0.02,0.36765822977120105,5.125945732429886,7.172495554238292,11.025489033787789,0.1652892561983471,1.090909090909091
OECD_REP,OECD average country,2001,1.645,0.844,0.174,0.115,0.028,0.013,32.435,0.123,0.02,32.435,1.645,0.115,0.123,0.02,0.35455526437490364,5.071681825188839,6.990881458966565,10.577507598784194,0.17391304347826086,1.0695652173913044
OECD_REP,OECD average country,2002,1.653,0.851,0.171,0.114,0.03,0.015,32.252,0.138,0.018,32.252,1.653,0.114,0.138,0.018,0.35346645169291824,5.125263549547315,6.896551724137931,10.344827586206899,0.15789473684210525,1.2105263157894737
OECD_REP,OECD average country,2003,1.674,0.858,0.153,0.109,0.057,0.016,32.133,0.129,0.019,32.133,1.674,0.109,0.129,0.019,0.33921513708648426,5.209597609933712,6.511350059737158,9.13978494623656,0.1743119266055046,1.18348623853211
OECD_REP,OECD average country,2004,1.666,0.854,0.147,0.113,0.046,0.014,32.141,0.133,0.022,32.141,1.666,0.113,0.133,0.022,0.35157586882797676,5.183410597056719,6.782713085234095,8.823529411764707,0.19469026548672563,1.176991150442478
OECD_REP,OECD average country,2005,1.712,0.877,0.153,0.114,0.034,0.012,32.624,0.13,0.024,32.624,1.712,0.114,0.13,0.024,0.34943599803825404,5.247670426679744,6.658878504672898,8.936915887850468,0.21052631578947367,1.1403508771929824
OECD_REP,OECD average country,2006,1.74,0.869,0.144,0.112,0.032,0.014,32.756,0.129,0.023,32.756,1.74,0.112,0.129,0.023,0.341922090609354,5.312003907681036,6.436781609195402,8.275862068965518,0.20535714285714285,1.1517857142857142
OECD_REP,OECD average country,2007,1.727,0.869,0.145,0.114,0.034,0.012,32.851,0.132,0.023,32.851,1.727,0.114,0.132,0.023,0.3470213996529786,5.2570698000060885,6.601042269832079,8.396062536189925,0.20175438596491227,1.1578947368421053
OECD_REP,OECD average country,2008,1.638,0.889,0.138,0.112,0.042,0.01,32.241,0.123,0.019,32.241,1.638,0.112,0.123,0.019,0.3473837660122205,5.080487577928724,6.837606837606838,8.424908424908425,0.16964285714285712,1.0982142857142856
OECD_REP,OECD average country,2009,1.634,0.95,0.14,0.108,0.047,0.014,31.49,0.117,0.016,31.49,1.634,0.108,0.117,0.016,0.3429660209590346,5.188948872657987,6.6095471236230106,8.567931456548349,0.14814814814814814,1.0833333333333335
OECD_REP,OECD average country,2010,1.641,0.952,0.153,0.1,0.041,0.018,31.53,0.115,0.018,31.53,1.641,0.1,0.115,0.018,0.3171582619727244,5.204567078972407,6.0938452163315056,9.323583180987201,0.17999999999999997,1.15
OECD_REP,OECD average country,2011,1.679,0.976,0.175,0.1,0.043,0.016,31.907,0.112,0.026,31.907,1.679,0.1,0.112,0.026,0.31341085028363685,5.2621681762622625,5.955926146515783,10.422870756402618,0.25999999999999995,1.1199999999999999
OECD_REP,OECD average country,2012,1.71,1.016,0.173,0.107,0.038,0.017,32.345,0.126,0.026,32.345,1.71,0.107,0.126,0.026,0.3308084711701963,5.286752202813418,6.257309941520468,10.116959064327485,0.24299065420560748,1.177570093457944
OECD_REP,OECD average country,2013,1.767,1.03,0.176,0.113,0.052,0.029,32.613,0.138,0.023,32.613,1.767,0.113,0.138,0.023,0.3464875969705332,5.41808481280471,6.395019807583475,9.960384833050368,0.20353982300884954,1.2212389380530975
OECD_REP,OECD average country,2014,1.804,1.059,0.179,0.11,0.05,0.012,32.831,0.137,0.025,32.831,1.804,0.11,0.137,0.025,0.33504919131308825,5.494806737534646,6.097560975609756,9.922394678492239,0.2272727272727273,1.2454545454545456
OECD_REP,OECD average country,2015,1.828,1.061,0.171,0.117,0.05,0.012,32.892,0.144,0.026,32.892,1.828,0.117,0.144,0.026,0.3557095950383072,5.557582390854919,6.400437636761488,9.354485776805252,0.2222222222222222,1.2307692307692306
OECD_REP,OECD average country,2016,2.239,1.061,0.167,0.116,0.456,0.012,33.538,0.144,0.027,33.538,2.239,0.116,0.144,0.027,0.3458763193988909,6.676009302880315,5.180884323358643,7.458686913800805,0.23275862068965517,1.2413793103448274
OECD_REP,OECD average country,2017,1.864,1.05,0.166,0.127,0.079,0.01,33.302,0.174,0.037,33.302,1.864,0.127,0.174,0.037,0.3813584769683503,5.5972614257401965,6.813304721030043,8.905579399141631,0.29133858267716534,1.37007874015748
OECD_REP,OECD average country,2018,1.807,1.037,0.156,0.122,0.047,0.011,33.453,0.149,0.03,33.453,1.807,0.122,0.149,0.03,0.3646907601709861,5.4016082264669825,6.751521859435529,8.633093525179856,0.2459016393442623,1.221311475409836
OECD_REP,OECD average country,2019,1.807,1.033,0.163,0.125,0.047,0.011,33.366,0.163,0.038,33.366,1.807,0.125,0.163,0.038,0.3746328597973986,5.4156926212311935,6.917542888765911,9.020475926950748,0.304,1.304
OECD_REP,OECD average country,2020,1.854,1.054,0.169,0.134,0.043,0.01,33.509,0.173,0.039,33.509,1.854,0.134,0.173,0.039,0.39989256617625113,5.532841923065445,7.227615965480043,9.115426105717368,0.291044776119403,1.2910447761194028
OECD_REP,OECD average country,2021,1.89,1.003,0.162,0.149,0.056,0.013,34.079,0.198,0.049,34.079,1.89,0.149,0.198,0.049,0.43721940197775755,5.545937380791689,7.883597883597885,8.571428571428571,0.3288590604026846,1.3288590604026846
OECD_REP,OECD average country,2022,1.782,0.952,0.153,0.148,0.057,0.014,34.035,0.196,0.043,34.035,1.782,0.148,0.196,0.043,0.4348464815630968,5.235786690171882,8.305274971941639,8.585858585858585,0.2905405405405405,1.3243243243243243
POL,Poland,1991,1.337,1.062,0,0.02,0,0,33.99,,,33.99,1.337,0.02,,,0.05884083553986466,3.9335098558399526,1.4958863126402395,0,,
POL,Poland,1992,1.256,0.97,0,0.023,0,0,36.139,,,36.139,1.256,0.023,,,0.06364315559367996,3.4754697141592183,1.8312101910828025,0,,
POL,Poland,1993,1.349,1.048,0,0.021,0,0,39.175,,,39.175,1.349,0.021,,,0.05360561582641992,3.443522654754308,1.5567086730911788,0,,
POL,Poland,1994,1.223,0.969,0,0.017,0,0,36.398,,,36.398,1.223,0.017,,,0.04670586295950327,3.3600747293807354,1.3900245298446443,0,,
POL,Poland,1995,1.266,1.037,0,0.013,0,0,36.577,,,36.577,1.266,0.013,,,0.0355414604806299,3.461191459113651,1.0268562401263823,0,,
POL,Poland,1996,1.308,1.048,0,0.015,0,0,36.555,,,36.555,1.308,0.015,,,0.04103405826836274,3.5781698810012315,1.1467889908256879,0,,
POL,Poland,1997,1.348,1.082,0,0.017,0,0,36.059,,,36.059,1.348,0.017,,,0.047144956876230625,3.738317757009346,1.261127596439169,0,,
POL,Poland,1998,1.372,1.098,0,0.019,0,0,35.268,,,35.268,1.372,0.019,,,0.053873199500964045,3.8902120902801407,1.3848396501457725,0,,
POL,Poland,1999,1.446,1.116,0,0.022,0,0,34.956,,,34.956,1.446,0.022,,,0.0629362627302895,4.136628904909028,1.5214384508990317,0,,
POL,Poland,2000,1.414,1.123,0,0.023,0,0,32.872,,,32.872,1.414,0.023,,,0.06996836213190558,4.301533219761499,1.6265912305516266,0,,
POL,Poland,2001,1.668,1.448,0,0.028,0,0,32.829,,,32.829,1.668,0.028,,,0.08529044442413719,5.080873617837887,1.6786570743405276,0,,
POL,Poland,2002,1.626,1.43,0,0.024,0,0,32.969,,,32.969,1.626,0.024,,,0.07279565652582728,4.931905729624798,1.4760147601476017,0,,
POL,Poland,2003,1.519,1.338,0,0.021,0,0,32.443,,,32.443,1.519,0.021,,,0.06472890916376414,4.682057762845606,1.3824884792626728,0,,
POL,Poland,2004,1.489,1.297,0,0.024,0,0,31.935,,,31.935,1.489,0.024,,,0.0751526538280883,4.662595897917646,1.6118200134318332,0,,
POL,Poland,2005,1.486,1.284,0,0.024,0,0,32.965,,,32.965,1.486,0.024,,,0.07280448961019262,4.507811315031093,1.6150740242261103,0,,
POL,Poland,2006,1.446,1.221,0,0.024,0,0,33.632,,,33.632,1.446,0.024,,,0.071360608943863,4.299476688867745,1.6597510373443984,0,,
POL,Poland,2007,1.441,1.138,0,0.028,0,0,34.634,,,34.634,1.441,0.028,,,0.08084541202286771,4.160651383034013,1.9430950728660652,0,,
POL,Poland,2008,1.426,1.172,0,0.027,0,0,34.281,,,34.281,1.426,0.027,,,0.07876082961407194,4.159738630728392,1.8934081346423561,0,,
POL,Poland,2009,1.344,1.159,0,0.023,0,0,31.368,,,31.368,1.344,0.023,,,0.07332313185411886,4.284621270084163,1.7113095238095237,0,,
POL,Poland,2010,1.329,1.143,0,0.02,0,0,31.6,,,31.6,1.329,0.02,,,0.06329113924050633,4.205696202531645,1.504890895410083,0,,
POL,Poland,2011,1.293,1.126,0,0.018,0,0,32.067,,,32.067,1.293,0.018,,,0.05613247263541959,4.032182617644307,1.3921113689095126,0,,
POL,Poland,2012,1.348,1.207,0,0.018,0,0,32.378,,,32.378,1.348,0.018,,,0.0555933040953734,4.163320773364631,1.3353115727002964,0,,
POL,Poland,2013,1.418,1.273,0,0.015,0,0,32.395,,,32.395,1.418,0.015,,,0.046303441889180424,4.377218706590522,1.0578279266572639,0,,
POL,Poland,2014,1.411,1.26,0,0.015,0,0,32.272,,,32.272,1.411,0.015,,,0.04647992067426872,4.3722112047595445,1.0630758327427356,0,,
POL,Poland,2015,1.37,1.235,0,0.014,0,0,32.474,,,32.474,1.37,0.014,,,0.04311141220668843,4.218759623083082,1.0218978102189782,0,,
POL,Poland,2016,1.382,1.226,0,0.015,0,0,33.556,,,33.556,1.382,0.015,,,0.044701394683514126,4.118488496841102,1.0853835021707672,0,,
POL,Poland,2017,1.367,1.199,0,0.015,0,0,34.239,,,34.239,1.367,0.015,,,0.043809690703583634,3.992523146119922,1.097293343087052,0,,
POL,Poland,2018,1.31,1.144,0,0.014,0,0,35.061,,,35.061,1.31,0.014,,,0.039930407004934255,3.7363452268902773,1.0687022900763359,0,,
POL,Poland,2019,1.267,1.101,0,0.014,0,0,35.178,,,35.178,1.267,0.014,,,0.03979760077321053,3.601682869975553,1.1049723756906078,0,,
POL,Poland,2020,1.296,1.132,0,0.013,0,0,35.56,,,35.56,1.296,0.013,,,0.036557930258717654,3.6445444319460063,1.0030864197530864,0,,
POL,Poland,2021,1.277,1.067,0,0.016,0,0,36.698,,,36.698,1.277,0.016,,,0.043599106218322525,3.479753665049866,1.2529365700861395,0,,
POL,Poland,2022,1.164,0.978,0,0.018,0,0,34.38,,,34.38,1.164,0.018,,,0.05235602094240837,3.3856893542757414,1.5463917525773196,0,,
PRT,Portugal,1990,0.718,0.238,0,0.132,0,0,26.486,0,0,26.486,0.718,0.132,0,0,0.4983765007928717,2.710866117949105,18.38440111420613,0,0,0
PRT,Portugal,1991,0.738,0.261,0,0.156,0,0,27.53,0,0,27.53,0.738,0.156,0,0,0.5666545586632764,2.680711950599346,21.138211382113823,0,0,0
PRT,Portugal,1992,0.682,0.267,0,0.074,0,0,29.454,0,0,29.454,0.682,0.074,0,0,0.25123922047939157,2.3154749779316903,10.850439882697946,0,0,0
PRT,Portugal,1993,0.683,0.29,0,0.066,0,0,28.029,0,0,28.029,0.683,0.066,0,0,0.23547040565128977,2.436761925148953,9.66325036603221,0,0,0
PRT,Portugal,1994,0.691,0.299,0,0.062,0,0,28.804,0,0,28.804,0.691,0.062,0,0,0.215247882238578,2.3989723649493127,8.972503617945007,0,0,0
PRT,Portugal,1995,0.927,0.348,0,0.064,0,0,29.184,0.064,0,29.184,0.927,0.064,0.064,0,0.21929824561403508,3.1763980263157894,6.903991370010787,0,0,1
PRT,Portugal,1996,0.874,0.334,0,0.063,0,0,29.862,0.063,0,29.862,0.874,0.063,0.063,0,0.21097046413502113,2.9267965976826735,7.208237986270023,0,0,1
PRT,Portugal,1997,0.881,0.33,0,0.07,0,0,29.799,0.07,0,29.799,0.881,0.07,0.07,0,0.23490721165139772,2.9564750494983056,7.945516458569808,0,0,1
PRT,Portugal,1998,1.004,0.366,0,0.076,0,0,30.058,0.076,0,30.058,1.004,0.076,0.076,0,0.2528445006321112,3.3402089294031536,7.569721115537849,0,0,1
PRT,Portugal,1999,1.157,0.382,0,0.079,0,0,30.837,0.079,0,30.837,1.157,0.079,0.079,0,0.25618575088367873,3.75198625028375,6.82800345721694,0,0,1
PRT,Portugal,2000,1.143,0.395,0,0.08,0,0,30.92,0.08,0,30.92,1.143,0.08,0.08,0,0.258732212160414,3.6966364812419146,6.99912510936133,0,0,1
PRT,Portugal,2001,1.068,0.395,0,0.067,0,0,30.707,0.067,0,30.707,1.068,0.067,0.067,0,0.21819129188784314,3.478034324421142,6.273408239700375,0,0,1
PRT,Portugal,2002,1.139,0.424,0,0.074,0,0,31.139,0.074,0,31.139,1.139,0.074,0.074,0,0.237644111885417,3.657792478885,6.496927129060579,0,0,1
PRT,Portugal,2003,1.108,0.475,0,0.072,0,0,30.108,0.072,0,30.108,1.108,0.072,0.072,0,0.23913909924272617,3.6800850272352865,6.4981949458483745,0,0,1
PRT,Portugal,2004,1.071,0.513,0,0.018,0,0,30.224,0.018,0,30.224,1.071,0.018,0.018,0,0.05955532027527791,3.5435415563790365,1.680672268907563,0,0,1
PRT,Portugal,2005,1.166,0.522,0,0.016,0,0,30.943,0.016,0,30.943,1.166,0.016,0.016,0,0.051707979187538375,3.7682189832918587,1.37221269296741,0,0,1
PRT,Portugal,2006,1.219,0.543,0,0.014,0,0,31.412,0.014,0,31.412,1.219,0.014,0.014,0,0.044568954539666375,3.880682541703808,1.1484823625922886,0,0,1
PRT,Portugal,2007,1.328,0.575,0,0.005,0,0,31.846,0.005,0,31.846,1.328,0.005,0.005,0,0.01570055893989826,4.170068454436978,0.37650602409638556,0,0,1
PRT,Portugal,2008,1.227,0.615,0,0.005,0,0,31.739,0.005,0,31.739,1.227,0.005,0.005,0,0.015753489397901634,3.8659062982450614,0.40749796251018744,0,0,1
PRT,Portugal,2009,1.123,0.608,0,0,0,0,29.796,0,0,29.796,1.123,0,0,0,0,3.7689622768156803,0,0,,
PRT,Portugal,2010,1.129,0.619,0,0.001,0,0,30.366,0.001,0,30.366,1.129,0.001,0.001,0,0.0032931568201277745,3.7179740499242575,0.08857395925597875,0,0,1
PRT,Portugal,2011,1.096,0.688,0,0,0,0,32.228,0,0,32.228,1.096,0,0,0,0,3.4007695171900214,0,0,,
PRT,Portugal,2012,1.183,0.681,0,0,0,0,31.667,0,0,31.667,1.183,0,0,0,0,3.7357501499984207,0,0,,
PRT,Portugal,2013,1.123,0.785,0,0.001,0,0,33.968,0.001,0,33.968,1.123,0.001,0.001,0,0.002943947244465379,3.3060527555346204,0.08904719501335707,0,0,1
PRT,Portugal,2014,1.23,0.838,0,0,0,0,34.182,0,0,34.182,1.23,0,0,0,0,3.598385114972792,0,0,,
PRT,Portugal,2015,1.284,0.854,0,0,0,0,34.382,,,34.382,1.284,0,,,0,3.734512244779245,0,0,,
PRT,Portugal,2016,1.282,0.809,0,0,0,0,34.051,0,0,34.051,1.282,0,0,0,0,3.764940824058031,0,0,,
PRT,Portugal,2017,1.356,0.794,0,0,0,0,34.112,,,34.112,1.356,0,,,0,3.9751407129455916,0,0,,
PRT,Portugal,2018,1.445,0.801,0,0,0,0,34.656,0,0,34.656,1.445,0,0,0,0,4.169552169898431,0,0,,
PRT,Portugal,2019,1.436,0.792,0,0,0,0,34.498,,,34.498,1.436,0,,,0,4.162560148414401,0,0,,
PRT,Portugal,2020,1.44,0.814,0,0,0,0,35.164,0,0,35.164,1.44,0,0,0,0,4.095097258559891,0,0,,
PRT,Portugal,2021,1.541,0.746,0,0,0,0,35.183,,,35.183,1.541,0,,,0,4.37995622886053,0,0,,
PRT,Portugal,2022,1.54,0.676,0,0,0,0,36.014,0,0,36.014,1.54,0,0,0,0,4.276114844227244,0,0,,
SVK,Slovak Republic,1995,0.561,0.408,0,0.009,0,0,39.481,0.003,0.006,39.481,0.561,0.009,0.003,0.006,0.022795775182999415,1.4209366530736305,1.60427807486631,0,0.6666666666666667,0.33333333333333337
SVK,Slovak Republic,1996,0.652,0.49,0,0.023,0,0,38.577,0.005,0.017,38.577,0.652,0.023,0.005,0.017,0.059621017704850045,1.6901262410244446,3.52760736196319,0,0.7391304347826088,0.2173913043478261
SVK,Slovak Republic,1997,0.644,0.489,0,0.015,0,0,36.48,0.006,0.007,36.48,0.644,0.015,0.006,0.007,0.04111842105263158,1.7653508771929827,2.329192546583851,0,0.4666666666666667,0.4
SVK,Slovak Republic,1998,0.632,0.468,0,0.018,0,0,36.097,0.009,0.009,36.097,0.632,0.018,0.009,0.009,0.049865639803861814,1.750838019780037,2.848101265822785,0,0.5,0.5
SVK,Slovak Republic,1999,0.638,0.467,0,0.024,0,0,34.845,0.01,0.014,34.845,0.638,0.024,0.01,0.014,0.06887645286267757,1.8309657052661787,3.761755485893417,0,0.5833333333333334,0.4166666666666667
SVK,Slovak Republic,2000,0.612,0.451,0,0.026,0,0,33.633,0.011,0.015,33.633,0.612,0.026,0.011,0.015,0.0773050278000773,1.8196414236018195,4.248366013071895,0,0.576923076923077,0.4230769230769231
SVK,Slovak Republic,2001,0.577,0.428,0,0.024,0,0,32.705,0.01,0.014,32.705,0.577,0.024,0.01,0.014,0.07338327472863478,1.7642562299342606,4.15944540727903,0,0.5833333333333334,0.4166666666666667
SVK,Slovak Republic,2002,0.585,0.414,0,0.024,0,0,32.828,0.009,0.015,32.828,0.585,0.024,0.009,0.015,0.07310832216400633,1.7820153527476543,4.102564102564102,0,0.625,0.37499999999999994
SVK,Slovak Republic,2003,0.568,0.393,0,0.019,0,0,32.552,0.007,0.012,32.552,0.568,0.019,0.007,0.012,0.05836814942246252,1.7449004669451953,3.3450704225352115,0,0.6315789473684211,0.368421052631579
SVK,Slovak Republic,2004,0.536,0.39,0,0.009,0,0,31.531,0.003,0.006,31.531,0.536,0.009,0.003,0.006,0.02854333830198852,1.6999143699850943,1.67910447761194,0,0.6666666666666667,0.33333333333333337
SVK,Slovak Republic,2005,0.49,0.453,0,0.001,0,0,31.291,0,0.001,31.291,0.49,0.001,0,0.001,0.0031958071010833784,1.5659454795308554,0.20408163265306123,0,1,0
SVK,Slovak Republic,2006,0.435,0.425,0,0,0,0,29.333,0,0,29.333,0.435,0,0,0,0,1.4829713974022434,0,0,,
SVK,Slovak Republic,2007,0.388,0.385,0,0,0,0,29.22,0,0,29.22,0.388,0,0,0,0,1.3278576317590691,0,0,,
SVK,Slovak Republic,2008,0.366,0.365,0,0,0,0,29.066,0,0,29.066,0.366,0,0,0,0,1.2592031927337783,0,0,,
SVK,Slovak Republic,2009,0.417,0.416,0,0,0,0,28.891,0,0,28.891,0.417,0,0,0,0,1.4433560624415909,0,0,,
SVK,Slovak Republic,2010,0.403,0.403,0,0,0,0,27.862,0,0,27.862,0.403,0,0,0,0,1.446414471322949,0,0,,
SVK,Slovak Republic,2011,0.399,0.398,0,0,0,0,28.876,0,0,28.876,0.399,0,0,0,0,1.3817703283003187,0,0,,
SVK,Slovak Republic,2012,0.429,0.429,0,0,0,0,28.711,0,0,28.711,0.429,0,0,0,0,1.4942008289505764,0,0,,
SVK,Slovak Republic,2013,0.439,0.439,0,0,0,0,30.985,0,0,30.985,0.439,0,0,0,0,1.4168145877037277,0,0,,
SVK,Slovak Republic,2014,0.433,0.433,0,0,0,0,31.861,0,0,31.861,0.433,0,0,0,0,1.3590282790872854,0,0,,
SVK,Slovak Republic,2015,0.418,0.418,0,0,0,0,32.51,0,0,32.51,0.418,0,0,0,0,1.2857582282374653,0,0,,
SVK,Slovak Republic,2016,0.428,0.428,0,0,0,0,33.071,0,0,33.071,0.428,0,0,0,0,1.2941852378216565,0,0,,
SVK,Slovak Republic,2017,0.426,0.426,0,0,0,0,33.966,,,33.966,0.426,0,,,0,1.2541953718424306,0,0,,
SVK,Slovak Republic,2018,0.411,0.411,0,0,0,0,34.027,0,0,34.027,0.411,0,0,0,0,1.207864343021718,0,0,,
SVK,Slovak Republic,2019,0.4,0.4,0,0,0,0,34.534,,,34.534,0.4,0,,,0,1.1582787977066082,0,0,,
SVK,Slovak Republic,2020,0.468,0.468,0,0,0,0,34.778,,,34.778,0.468,0,,,0,1.345678302375065,0,0,,
SVK,Slovak Republic,2021,0.465,0.465,0,0,0,0,35.41,,,35.41,0.465,0,,,0,1.3131883648686813,0,0,,
SVK,Slovak Republic,2022,0.427,0.427,0,0,0,0,35.011,,,35.011,0.427,0,,,0,1.2196166918968323,0,0,,
SVN,Slovenia,1995,0.544,0.353,0,0.011,0.067,0,39.137,,,39.137,0.544,0.011,,,0.028106395482535705,1.3899890129544932,2.0220588235294117,0,,
SVN,Slovenia,1996,0.528,0.359,0,0.011,0.042,0,38.141,,,38.141,0.528,0.011,,,0.02884035552292808,1.3843370651005482,2.083333333333333,0,,
SVN,Slovenia,1997,0.624,0.445,0,0.01,0.046,0,37.063,,,37.063,0.624,0.01,,,0.026981086258532766,1.6836197825324444,1.6025641025641029,0,,
SVN,Slovenia,1998,0.813,0.474,0.118,0.009,0.072,0,37.848,,,37.848,0.813,0.009,,,0.023779327837666456,2.1480659480025364,1.107011070110701,14.514145141451415,,
SVN,Slovenia,1999,0.741,0.428,0.051,0.009,0.102,0,38.214,,,38.214,0.741,0.009,,,0.023551577955723033,1.9390799183545298,1.214574898785425,6.882591093117409,,
SVN,Slovenia,2000,0.639,0.432,0.023,0.009,0.053,0,37.699,,,37.699,0.639,0.009,,,0.023873312289450648,1.6950051725509963,1.408450704225352,3.599374021909233,,
SVN,Slovenia,2001,0.684,0.451,0.062,0.012,0.034,0,37.783,,,37.783,0.684,0.012,,,0.03176031548580049,1.8103379826906283,1.7543859649122806,9.064327485380117,,
SVN,Slovenia,2002,0.644,0.433,0.032,0.011,0.034,0,38.282,,,38.282,0.644,0.011,,,0.028734130923149262,1.682252755864375,1.7080745341614905,4.968944099378882,,
SVN,Slovenia,2003,0.561,0.423,0.006,0.016,0,0,38.401,,,38.401,0.561,0.016,,,0.0416655816254785,1.46089945574334,2.8520499108734403,1.06951871657754,,
SVN,Slovenia,2004,0.595,0.418,0.043,0.014,0,0,38.462,,,38.462,0.595,0.014,,,0.036399563205241535,1.5469814362227652,2.3529411764705888,7.22689075630252,,
SVN,Slovenia,2005,0.584,0.421,0.011,0.017,0,0,39.145,,,39.145,0.584,0.017,,,0.04342827947375144,1.491889130157108,2.91095890410959,1.8835616438356164,,
SVN,Slovenia,2006,0.6,0.439,0,0.018,0,0,38.687,,,38.687,0.6,0.018,,,0.04652725721818699,1.5509085739395663,3,0,,
SVN,Slovenia,2007,0.588,0.4,0,0.025,0,0,38.041,,,38.041,0.588,0.025,,,0.06571856680949503,1.545700691359323,4.251700680272109,0,,
SVN,Slovenia,2008,0.564,0.405,0,0.029,0,0.001,37.302,,,37.302,0.564,0.029,,,0.07774382070666452,1.5119832716744408,5.141843971631206,0,,
SVN,Slovenia,2009,0.578,0.465,0,0.03,0,0.001,37.099,,,37.099,0.578,0.03,,,0.08086471333459123,1.5579934769131243,5.190311418685122,0,,
SVN,Slovenia,2010,0.61,0.476,0,0.038,0.005,0.001,37.788,,,37.788,0.61,0.038,,,0.10056102466391448,1.6142690801312587,6.229508196721312,0,,
SVN,Slovenia,2011,0.592,0.477,0,0.026,0.01,0.001,37.33,,,37.33,0.592,0.026,,,0.06964907581034022,1.5858558799892848,4.391891891891892,0,,
SVN,Slovenia,2012,0.625,0.519,0,0.026,0.006,0.001,37.638,,,37.638,0.625,0.026,,,0.06907912216377066,1.660555821244487,4.16,0,,
SVN,Slovenia,2013,0.636,0.546,0,0.021,0.004,0.001,37.242,,,37.242,0.636,0.021,,,0.056387949089737405,1.7077493152891896,3.30188679245283,0,,
SVN,Slovenia,2014,0.619,0.513,0,0.018,0.019,0.001,37.179,,,37.179,0.619,0.018,,,0.04841442749939481,1.664918367895855,2.9079159935379644,0,,
SVN,Slovenia,2015,0.62,0.512,0,0.021,0.011,0.001,37.311,,,37.311,0.62,0.021,,,0.05628366969526414,1.6617083433839885,3.387096774193549,0,,
SVN,Slovenia,2016,0.629,0.518,0,0.021,0.011,0.001,37.385,,,37.385,0.629,0.021,,,0.0561722616022469,1.6824929784673,3.338632750397456,0,,
SVN,Slovenia,2017,0.643,0.514,0,0.024,0.008,0.001,37.067,,,37.067,0.643,0.024,,,0.06474761917608654,1.7346966304259854,3.732503888024883,0,,
SVN,Slovenia,2018,0.602,0.487,0,0.021,0.006,0.001,37.239,,,37.239,0.602,0.021,,,0.056392491742528,1.6165847632858026,3.4883720930232567,0,,
SVN,Slovenia,2019,0.615,0.483,0,0.033,0.007,0.001,37.539,,,37.539,0.615,0.033,,,0.08790857508191481,1.6382961719811395,5.365853658536586,0,,
SVN,Slovenia,2020,0.627,0.503,0,0.021,0.017,0.001,37.555,,,37.555,0.627,0.021,,,0.05591798695246972,1.6695513247237386,3.349282296650718,0,,
SVN,Slovenia,2021,0.615,0.48,0,0.02,0.011,0.001,38.251,,,38.251,0.615,0.02,,,0.052286214739483944,1.607801103239131,3.2520325203252036,0,,
SVN,Slovenia,2022,0.609,0.457,0,0.03,0.024,0.001,37.402,,,37.402,0.609,0.03,,,0.08020961445911982,1.6282551735201327,4.926108374384237,0,,
SWE,Sweden,1990,1.721,0.578,0.207,0.093,0,0,48.847,0.072,0.02,48.847,1.721,0.093,0.072,0.02,0.1903904026859377,3.523246054005364,5.403834979662987,12.027890761185356,0.21505376344086022,0.7741935483870968
SWE,Sweden,1991,1.891,0.998,0.152,0.094,0,0,46.922,0.072,0.022,46.922,1.891,0.094,0.072,0.022,0.2003324666467755,4.030092493926091,4.970914859862507,8.038075092543627,0.23404255319148934,0.7659574468085106
SWE,Sweden,1992,1.593,1.049,0.131,0.072,0,0,44.472,0.06,0.012,44.472,1.593,0.072,0.06,0.012,0.16189962223421478,3.582029141932002,4.519774011299435,8.22347771500314,0.16666666666666669,0.8333333333333334
SWE,Sweden,1993,1.404,0.897,0.172,0.056,0,0,43.795,0.049,0.007,43.795,1.404,0.056,0.049,0.007,0.1278684781367736,3.205845416143395,3.9886039886039892,12.250712250712251,0.125,0.875
SWE,Sweden,1994,1.414,0.873,0.178,0.063,0,0,44.081,0.057,0.007,44.081,1.414,0.063,0.057,0.007,0.1429187178149316,3.207731222068465,4.455445544554456,12.588401697312587,0.11111111111111112,0.9047619047619048
SWE,Sweden,1995,1.221,0.801,0.188,0.073,0,0,45.106,0.057,0.016,45.106,1.221,0.073,0.057,0.016,0.16184099676318006,2.706956945860861,5.978705978705978,15.397215397215398,0.21917808219178084,0.7808219178082193
SWE,Sweden,1996,1.696,1.227,0.263,0.07,0,0,46.748,0.06,0.01,46.748,1.696,0.07,0.06,0.01,0.1497390262685035,3.62796269359117,4.1273584905660385,15.507075471698114,0.14285714285714285,0.857142857142857
SWE,Sweden,1997,1.806,1.324,0.266,0.088,0,0,47.641,0.077,0.011,47.641,1.806,0.088,0.077,0.011,0.1847148464557839,3.790852417035747,4.872646733111849,14.728682170542637,0.125,0.875
SWE,Sweden,1998,1.709,1.152,0.28,0.093,0,0,47.695,0.081,0.012,47.695,1.709,0.093,0.081,0.012,0.19498899255687177,3.583184820211762,5.441778818022235,16.38385020479813,0.12903225806451613,0.8709677419354839
SWE,Sweden,1999,1.702,1.029,0.379,0.095,0,0,48.186,0.083,0.012,48.186,1.702,0.095,0.083,0.012,0.1971526999543436,3.53214626655045,5.581668625146887,22.267920094007053,0.12631578947368421,0.8736842105263158
SWE,Sweden,2000,1.656,0.967,0.341,0.106,0,0,50.017,0.087,0.019,50.017,1.656,0.106,0.087,0.019,0.21192794449887037,3.3108743027370693,6.40096618357488,20.59178743961353,0.1792452830188679,0.820754716981132
SWE,Sweden,2001,1.467,0.847,0.259,0.103,0,0,47.103,0.088,0.015,47.103,1.467,0.103,0.088,0.015,0.21866972379678576,3.114451308833832,7.021131561008861,17.65507839127471,0.14563106796116504,0.8543689320388349
SWE,Sweden,2002,1.435,0.904,0.151,0.114,0,0,45.038,0.102,0.013,45.038,1.435,0.114,0.102,0.013,0.25311958790354816,3.18619832141747,7.94425087108014,10.522648083623693,0.11403508771929824,0.894736842105263
SWE,Sweden,2003,1.429,0.888,0.181,0.092,0,0,45.562,0.081,0.012,45.562,1.429,0.092,0.081,0.012,0.2019226548439489,3.1363855844782935,6.438068579426172,12.666200139958011,0.13043478260869565,0.8804347826086957
SWE,Sweden,2004,1.44,0.862,0.189,0.09,0,0,46.012,0.073,0.017,46.012,1.44,0.09,0.073,0.017,0.19560114752673213,3.129618360427714,6.25,13.125,0.1888888888888889,0.8111111111111111
SWE,Sweden,2005,1.37,0.859,0.171,0.037,0,0,47.369,0.03,0.008,47.369,1.37,0.037,0.03,0.008,0.0781101564314214,2.8921868732715494,2.700729927007299,12.481751824817518,0.21621621621621623,0.8108108108108109
SWE,Sweden,2006,1.347,0.803,0.197,0.004,0,0,45.969,0.004,0,45.969,1.347,0.004,0.004,0,0.008701516239204682,2.9302355935521764,0.29695619896065334,14.625092798812176,0,1
SWE,Sweden,2007,1.094,0.782,0,0.001,0,0,45.022,0,0,45.022,1.094,0.001,0,0,0.002221136333348141,2.4299231486828665,0.09140767824497258,0,0,0
SWE,Sweden,2008,1.021,0.707,0,0,0,0,44.234,0,0,44.234,1.021,0,0,0,0,2.3081792286476466,0,0,,
SWE,Sweden,2009,1.031,0.763,0,0,0,0,43.923,0,0,43.923,1.031,0,0,0,0,2.3472895749379594,0,0,,
SWE,Sweden,2010,1.028,0.743,0,0,0,0,43.144,0,0,43.144,1.028,0,0,0,0,2.382718338587057,0,0,,
SWE,Sweden,2011,0.986,0.745,0,0,0,0,42.223,0,0,42.223,0.986,0,0,0,0,2.3352201406816193,0,0,,
SWE,Sweden,2012,1.008,0.772,0,0,0,0,42.335,0,0,42.335,1.008,0,0,0,0,2.381008621707807,0,0,,
SWE,Sweden,2013,1.082,0.83,0,0,0,0,42.697,0,0,42.697,1.082,0,0,0,0,2.5341358877672904,0,0,,
SWE,Sweden,2014,1.058,0.807,0,0,0,0,42.49,0,0,42.49,1.058,0,0,0,0,2.48999764650506,0,0,,
SWE,Sweden,2015,1.036,0.767,0,0,0,0,42.918,0,0,42.918,1.036,0,0,0,0,2.413905587399227,0,0,,
SWE,Sweden,2016,1.051,0.76,0,0,0,0,44.219,,,44.219,1.051,0,,,0,2.3768063502114476,0,0,,
SWE,Sweden,2017,0.992,0.717,0,0,0,0,44.495,,,44.495,0.992,0,,,0,2.229463984717384,0,0,,
SWE,Sweden,2018,0.957,0.693,0,0,0,0,44.11,,,44.11,0.957,0,,,0,2.169576059850374,0,0,,
SWE,Sweden,2019,0.939,0.683,0,0,0,0,42.971,,,42.971,0.939,0,,,0,2.185194666170208,0,0,,
SWE,Sweden,2020,0.954,0.688,0,0,0,0,42.58,,,42.58,0.954,0,,,0,2.2404884922498827,0,0,,
SWE,Sweden,2021,0.955,0.661,0,0,0,0,42.761,,,42.761,0.955,0,,,0,2.233343467178036,0,0,,
SWE,Sweden,2022,0.938,0.658,0,0,0,0,42.512,,,42.512,0.938,0,,,0,2.206435829883327,0,0,,
TUR,Türkiye,1990,0.331,0,0,0.017,0,0,14.537,,,14.537,0.331,0.017,,,0.11694297310311619,2.2769484763018504,5.13595166163142,0,,
TUR,Türkiye,1991,0.34,0,0,0.018,0,0,15.235,,,15.235,0.34,0.018,,,0.118148999015425,2.231703314735806,5.2941176470588225,0,,
TUR,Türkiye,1992,0.332,0,0,0.018,0,0,16.282,,,16.282,0.332,0.018,,,0.11055152929615526,2.039061540351308,5.421686746987951,0,,
TUR,Türkiye,1993,0.352,0,0,0.019,0,0,16.457,,,16.457,0.352,0.019,,,0.11545239107978367,2.1389074557938867,5.3977272727272725,0,,
TUR,Türkiye,1994,1.306,0,0,0.024,0.992,0,16.145,,,16.145,1.306,0.024,,,0.14865283369464233,8.089191700216785,1.8376722817764164,0,,
TUR,Türkiye,1995,0.499,0,0,0.012,0.174,0,16.378,,,16.378,0.499,0.012,,,0.07326901941629015,3.046770057394065,2.404809619238477,0,,
TUR,Türkiye,1996,0.331,0,0,0.01,0,0,18.451,,,18.451,0.331,0.01,,,0.054197604465882614,1.7939407078207144,3.021148036253776,0,,
TUR,Türkiye,1997,0.546,0,0,0.009,0,0,20.229,,,20.229,0.546,0.009,,,0.044490582826635025,2.6990953581491923,1.648351648351648,0,,
TUR,Türkiye,1998,0.712,0.134,0,0.011,0,0,20.6,,,20.6,0.712,0.011,,,0.053398058252427175,3.4563106796116503,1.544943820224719,0,,
TUR,Türkiye,1999,0.636,0.11,0,0.011,0,0,22.546,,,22.546,0.636,0.011,,,0.04878914219817262,2.820899494367072,1.729559748427673,0,,
TUR,Türkiye,2000,0.742,0.112,0,0.009,0,0,23.478,,,23.478,0.742,0.009,,,0.038333759263991816,3.160405485986881,1.2129380053908356,0,,
TUR,Türkiye,2001,0.616,0.077,0,0.01,0,0,25.361,,,25.361,0.616,0.01,,,0.03943062182090611,2.428926304167817,1.6233766233766236,0,,
TUR,Türkiye,2002,0.683,0.136,0,0.009,0,0,23.826,,,23.826,0.683,0.009,,,0.03777386048854192,2.8666163015193487,1.3177159590043923,0,,
TUR,Türkiye,2003,0.811,0.247,0,0.013,0,0,24.979,,,24.979,0.811,0.013,,,0.052043716722046524,3.2467272508907485,1.6029593094944512,0,,
TUR,Türkiye,2004,0.706,0.157,0,0.011,0,0,23.088,,,23.088,0.706,0.011,,,0.04764379764379764,3.0578655578655574,1.5580736543909348,0,,
TUR,Türkiye,2005,0.772,0.169,0,0.013,0,0,23.14,,,23.14,0.772,0.013,,,0.05617977528089887,3.3362143474503023,1.6839378238341967,0,,
TUR,Türkiye,2006,0.834,0.177,0,0.015,0,0,23.371,,,23.371,0.834,0.015,,,0.06418210602883916,3.5685250952034573,1.7985611510791366,0,,
TUR,Türkiye,2007,0.858,0.165,0,0.014,0,0,22.874,,,22.874,0.858,0.014,,,0.06120486141470666,3.7509836495584508,1.6317016317016315,0,,
TUR,Türkiye,2008,0.834,0.171,0,0.014,0,0,22.961,,,22.961,0.834,0.014,,,0.06097295413962807,3.6322459823178437,1.6786570743405276,0,,
TUR,Türkiye,2009,0.846,0.184,0,0.017,0,0,23.318,,,23.318,0.846,0.017,,,0.07290505189124281,3.6280984647053773,2.0094562647754137,0,,
TUR,Türkiye,2010,1.001,0.229,0,0.018,0,0,24.654,,,24.654,1.001,0.018,,,0.07301046483329277,4.060193072118114,1.7982017982017984,0,,
TUR,Türkiye,2011,1.044,0.247,0,0.018,0,0,25.706,,,25.706,1.044,0.018,,,0.07002256282579943,4.061308643896367,1.7241379310344827,0,,
TUR,Türkiye,2012,1.044,0.223,0,0.019,0,0,24.76,,,24.76,1.044,0.019,,,0.07673667205169628,4.216478190630048,1.8199233716475094,0,,
TUR,Türkiye,2013,1.167,0.211,0,0.019,0,0,25.156,,,25.156,1.167,0.019,,,0.0755287009063444,4.639052313563365,1.6281062553556127,0,,
TUR,Türkiye,2014,1.191,0.243,0,0.021,0,0,24.457,,,24.457,1.191,0.021,,,0.08586498752913277,4.869771435580816,1.7632241813602016,0,,
TUR,Türkiye,2015,1.216,0.25,0,0.019,0,0,24.957,,,24.957,1.216,0.019,,,0.07613094522578835,4.8723804944504545,1.5625,0,,
TUR,Türkiye,2016,1.213,0.256,0,0.024,0,0,25.128,,,25.128,1.213,0.024,,,0.09551098376313276,4.827284304361668,1.9785655399835118,0,,
TUR,Türkiye,2017,1.112,0.217,0,0.023,0,0,24.68,,,24.68,1.112,0.023,,,0.09319286871961102,4.5056726094003245,2.0683453237410068,0,,
TUR,Türkiye,2018,1.035,0.231,0,0.024,0,0,23.968,,,23.968,1.035,0.024,,,0.10013351134846463,4.318257676902537,2.3188405797101455,0,,
TUR,Türkiye,2019,0.966,0.224,0,0.026,0,0,23.103,,,23.103,0.966,0.026,,,0.11253949703501709,4.181275159070251,2.691511387163561,0,,
TUR,Türkiye,2020,1.061,0.222,0,0.026,0,0,23.861,,,23.861,1.061,0.026,,,0.10896441892628136,4.446586480030175,2.4505183788878417,0,,
TUR,Türkiye,2021,0.967,0.188,0,0.031,0,0,22.914,,,22.914,0.967,0.031,,,0.1352884699310465,4.220127433010386,3.205791106514995,0,,
TUR,Türkiye,2022,0.729,0.124,0,0.019,0,0,20.945,,,20.945,0.729,0.019,,,0.0907137741704464,3.4805442826450226,2.606310013717421,0,,
USA,United States,1990,3.059,2.709,0,0.264,0,0.05,26.033,,,26.033,3.059,0.264,,,1.0140974916452197,11.750470556601236,8.630271330500165,0,,
USA,United States,1991,3.195,2.859,0,0.253,0,0.052,25.855,,,25.855,3.195,0.253,,,0.9785341326629279,12.357377683233416,7.918622848200313,0,,
USA,United States,1992,3.162,2.832,0,0.242,0,0.056,25.746,,,25.746,3.162,0.242,,,0.9399518371785909,12.281519459333488,7.65338393421885,0,,
USA,United States,1993,3.076,2.73,0,0.257,0,0.053,25.95,,,25.95,3.076,0.257,,,0.9903660886319845,11.853564547206167,8.355006501950585,0,,
USA,United States,1994,3.103,2.736,0,0.278,0,0.056,26.286,,,26.286,3.103,0.278,,,1.0575972000304346,11.804762991706612,8.959071865936192,0,,
USA,United States,1995,3,2.652,0,0.262,0,0.055,26.55,,,26.55,3,0.262,,,0.9868173258003767,11.299435028248588,8.733333333333333,0,,
USA,United States,1996,3.009,2.63,0,0.286,0,0.056,27.044,,,27.044,3.009,0.286,,,1.0575358674752253,11.126312675639698,9.504818876703224,0,,
USA,United States,1997,3.008,2.606,0,0.314,0,0.054,27.484,,,27.484,3.008,0.314,,,1.1424828991413185,10.94454955610537,10.438829787234043,0,,
USA,United States,1998,3.004,2.549,0,0.357,0,0.053,27.867,,,27.867,3.004,0.357,,,1.281085154483798,10.779775361538737,11.88415446071904,0,,
USA,United States,1999,3.001,2.521,0,0.381,0,0.053,27.932,,,27.932,3.001,0.381,,,1.364026922526135,10.74394959186596,12.695768077307564,0,,
USA,United States,2000,2.922,2.484,0,0.348,0,0.047,28.295,,,28.295,2.922,0.348,,,1.2298992754903693,10.326912882134652,11.909650924024639,0,,
USA,United States,2001,2.965,2.533,0,0.337,0,0.048,27.261,,,27.261,2.965,0.337,,,1.2361982319063867,10.876343494369245,11.36593591905565,0,,
USA,United States,2002,3.058,2.646,0,0.299,0,0.047,25.011,,,25.011,3.058,0.299,,,1.1954739914437649,12.226620287073688,9.777632439502943,0,,
USA,United States,2003,3.095,2.679,0,0.247,0,0.05,24.484,,,24.484,3.095,0.247,,,1.008822087894135,12.640908348309098,7.980613893376414,0,,
USA,United States,2004,3.113,2.669,0,0.248,0,0.047,24.762,,,24.762,3.113,0.248,,,1.0015346094822712,12.57168241660609,7.9665917121747505,0,,
USA,United States,2005,3.168,2.694,0,0.233,0,0.048,26.097,,,26.097,3.168,0.233,,,0.8928229298386788,12.13932635935165,7.354797979797979,0,,
USA,United States,2006,3.174,2.716,0,0.239,0,0.048,26.775,,,26.775,3.174,0.239,,,0.892623716153128,11.854341736694678,7.529930686830498,0,,
USA,United States,2007,3.199,2.789,0,0.221,0,0.048,26.728,,,26.728,3.199,0.221,,,0.8268482490272374,11.968721939539058,6.908408877774305,0,,
USA,United States,2008,3.191,2.814,0,0.228,0,0.048,25.643,,,25.643,3.191,0.228,,,0.889131536871661,12.443941816480129,7.145095581322471,0,,
USA,United States,2009,3.311,3.036,0,0.174,0,0.052,22.911,,,22.911,3.311,0.174,,,0.7594605211470472,14.451573479987779,5.255209906372697,0,,
USA,United States,2010,3.146,2.914,0,0.131,0,0.051,23.371,,,23.371,3.146,0.131,,,0.5605237259851954,13.461127037781868,4.164017800381437,0,,
USA,United States,2011,3.012,2.816,0,0.094,0,0.048,23.761,,,23.761,3.012,0.094,,,0.39560624552838686,12.676234165228736,3.1208499335989375,0,,
USA,United States,2012,2.958,2.733,0,0.118,0,0.046,23.916,,,23.916,2.958,0.118,,,0.49339354407091485,12.368289011540393,3.9891818796484104,0,,
USA,United States,2013,2.967,2.697,0,0.155,0,0.046,25.413,,,25.413,2.967,0.155,,,0.6099240546177154,11.6751269035533,5.224132119986518,0,,
USA,United States,2014,2.943,2.689,0,0.135,0,0.046,25.786,,,25.786,2.943,0.135,,,0.5235399053750097,11.41316993717521,4.587155963302752,0,,
USA,United States,2015,2.94,2.675,0,0.14,0,0.046,26.087,,,26.087,2.94,0.14,,,0.536665772223713,11.269981216697971,4.761904761904763,0,,
USA,United States,2016,2.977,2.714,0,0.134,0,0.047,25.713,,,25.713,2.977,0.134,,,0.5211371679695096,11.577801112277836,4.501175680214982,0,,
USA,United States,2017,4.188,2.729,0,0.144,1.189,0.047,26.459,,,26.459,4.188,0.144,,,0.5442382554140368,15.828262594958236,3.4383954154727796,0,,
USA,United States,2018,2.946,2.685,0,0.136,0,0.047,24.816,,,24.816,2.946,0.136,,,0.5480335267569311,11.871373307543521,4.61642905634759,0,,
USA,United States,2019,2.958,2.734,0,0.1,0,0.047,24.982,,,24.982,2.958,0.1,,,0.4002882075094068,11.840525178128253,3.3806626098715347,0,,
USA,United States,2020,3.098,2.85,0,0.119,0,0.049,25.57,,,25.57,3.098,0.119,,,0.4653891278842393,12.115760657019944,3.8411878631375083,0,,
USA,United States,2021,2.931,2.635,0,0.146,0,0.046,26.709,,,26.709,2.931,0.146,,,0.5466322213486091,10.973829046388857,4.981235073353804,0,,
USA,United States,2022,2.862,2.564,0,0.158,0,0.045,27.607,,,27.607,2.862,0.158,,,0.5723186148440613,10.366935922048755,5.520614954577219,0,,
